Name	Completeness	Contamination	Completeness_Model_Used	Translation_Table_Used	Coding_Density	Contig_N50	Average_Gene_Length	Genome_Size	GC_Content	Total_Coding_Sequences	Total_Contigs	Max_Contig_Length	Additional_Notes
ERR2641635_bin.10	95.71	1.46	Gradient Boost (General Model)	11	0.896	51132	312.1915857605178	1612463	0.28	1545	53	140276	None
ERR2641635_bin.11	10.23	0.02	Neural Network (Specific Model)	11	0.85	35496	289.25714285714287	356714	0.41	350	21	47543	None
ERR2641635_bin.12	83.23	0.23	Neural Network (Specific Model)	11	0.925	5505	308.1593977154725	1921441	0.37	1926	439	22478	None
ERR2641635_bin.13	67.47	3.71	Neural Network (Specific Model)	11	0.853	85178	342.5980392156863	1842430	0.37	1530	41	127058	None
ERR2641635_bin.14	97.64	0.35	Gradient Boost (General Model)	11	0.871	20418	312.74464710547187	2711376	0.33	2522	210	95783	None
ERR2641635_bin.15	7.7	0.09	Neural Network (Specific Model)	11	0.856	6961	241.7659574468085	238063	0.45	282	41	25140	None
ERR2641635_bin.17	75.41	9.66	Neural Network (Specific Model)	11	0.875	50985	315.19600222098836	1942755	0.6	1801	64	165033	None
ERR2641635_bin.19	83.4	0.24	Neural Network (Specific Model)	11	0.892	21944	317.41011517275916	2129057	0.42	1997	149	111847	None
ERR2641635_bin.21	16.0	0.0	Neural Network (Specific Model)	11	0.948	3573	289.40281690140847	324445	0.5	355	105	7605	None
ERR2641635_bin.23	86.7	8.74	Neural Network (Specific Model)	11	0.87	31264	292.7791155360037	4353780	0.41	4319	314	126656	None
ERR2641635_bin.25	71.07	0.49	Neural Network (Specific Model)	11	0.897	21155	340.87874659400546	1671504	0.44	1468	114	57938	None
ERR2641635_bin.26	77.19	18.11	Neural Network (Specific Model)	11	0.882	106094	353.5688532799199	2397638	0.6	1997	34	598462	None
ERR2641635_bin.28	26.79	10.09	Neural Network (Specific Model)	11	0.849	12543	253.1838681699913	2056587	0.37	2306	273	72107	None
ERR2641635_bin.3	41.56	0.11	Neural Network (Specific Model)	11	0.898	213323	328.3245033112583	827252	0.59	755	5	274123	None
ERR2641635_bin.30	90.4	3.29	Gradient Boost (General Model)	11	0.899	23643	279.2484761563284	2592960	0.29	2789	216	72089	None
ERR2641635_bin.36	79.39	15.31	Neural Network (Specific Model)	11	0.897	7123	297.0143299767622	2560057	0.44	2582	481	30772	None
ERR2641635_bin.37	87.72	9.09	Neural Network (Specific Model)	11	0.864	20628	316.0393824826717	3478541	0.42	3174	268	114554	None
ERR2641635_bin.4	7.9	0.01	Neural Network (Specific Model)	11	0.835	21557	223.61142857142858	280570	0.44	350	20	53032	None
ERR2641635_bin.40	82.28	0.96	Neural Network (Specific Model)	11	0.905	199811	381.49488817891375	3951478	0.41	3130	47	615599	None
ERR2641635_bin.41	94.05	92.39	Neural Network (Specific Model)	11	0.887	23220	311.8889342588812	5156614	0.42	4898	368	74923	None
ERR2641635_bin.42	86.89	56.52	Neural Network (Specific Model)	11	0.873	29635	313.67652399481193	4148656	0.59	3855	224	188053	None
ERR2641635_bin.43	80.76	2.0	Neural Network (Specific Model)	11	0.875	27290	315.8495145631068	1782821	0.6	1648	97	72630	None
ERR2641635_bin.45	51.43	15.63	Neural Network (Specific Model)	11	0.879	12438	315.09573934837096	2141559	0.45	1995	241	60968	None
ERR2641635_bin.46	12.98	0.01	Neural Network (Specific Model)	11	0.869	293039	339.6461038961039	360418	0.61	308	2	293039	None
ERR2641635_bin.48	23.73	0.01	Neural Network (Specific Model)	11	0.883	147195	317.09871244635195	1001831	0.42	932	15	256112	None
ERR2641635_bin.49	96.77	4.6	Neural Network (Specific Model)	11	0.89	78301	332.12839423399265	3331946	0.43	2983	78	389603	None
ERR2641635_bin.5	18.96	0.01	Neural Network (Specific Model)	11	0.906	106548	347.6179487179487	448467	0.62	390	11	123907	None
ERR2641635_bin.50	97.46	2.08	Neural Network (Specific Model)	11	0.911	24257	321.6523221133362	2481628	0.38	2347	155	84987	None
ERR2641635_bin.51	91.53	1.4	Neural Network (Specific Model)	11	0.906	63781	317.29575228265185	2640144	0.44	2519	67	171248	None
ERR2641635_bin.53	36.63	0.08	Neural Network (Specific Model)	11	0.921	3464	262.88129032258064	662429	0.46	775	207	12488	None
ERR2641635_bin.54	6.84	0.02	Neural Network (Specific Model)	11	0.86	9631	295.83093525179856	286666	0.36	278	37	34407	None
ERR2641635_bin.56	91.51	0.06	Neural Network (Specific Model)	11	0.841	11432	316.05496108949416	2312764	0.57	2056	266	44740	None
ERR2641635_bin.58	5.4	0.0	Neural Network (Specific Model)	11	0.917	48204	294.42857142857144	235576	0.48	245	5	100172	None
ERR2641635_bin.6	35.34	0.02	Neural Network (Specific Model)	11	0.909	102380	374.93737640079104	1875426	0.44	1517	26	234064	None
ERR2641635_bin.60	8.25	0.08	Neural Network (Specific Model)	11	0.866	31502	276.5747663551402	204479	0.48	214	12	43873	None
ERR2641635_bin.61	57.86	0.04	Neural Network (Specific Model)	11	0.917	117414	358.23703703703706	2528814	0.46	2160	32	240482	None
ERR2641635_bin.62	31.78	0.4	Neural Network (Specific Model)	11	0.85	39082	318.4519131334023	1085714	0.36	967	43	133744	None
ERR2641635_bin.63	80.2	0.37	Neural Network (Specific Model)	11	0.892	21275	321.18722271517305	2430859	0.49	2254	201	69963	None
ERR2641635_bin.64	98.63	24.17	Neural Network (Specific Model)	11	0.911	12138	354.9356420927467	7852489	0.42	6728	1015	143750	None
ERR2641635_bin.66	94.28	0.31	Neural Network (Specific Model)	11	0.896	63643	348.85508218718553	3477694	0.41	2981	103	170367	None
ERR2641635_bin.7	47.79	2.94	Gradient Boost (General Model)	11	0.904	3886	291.626423690205	1272663	0.47	1317	360	19625	None
ERR2641635_bin.8	41.14	7.0	Neural Network (Specific Model)	11	0.861	3369	274.11746987951807	1267310	0.38	1328	410	11535	None
ERR2641677_bin.10	39.82	0.02	Gradient Boost (General Model)	11	0.908	10161	308.09862142099684	958562	0.47	943	128	30464	None
ERR2641677_bin.11	97.08	24.09	Gradient Boost (General Model)	11	0.849	11678	275.6368354607939	6929590	0.38	7129	955	89936	None
ERR2641677_bin.12	99.21	0.09	Neural Network (Specific Model)	11	0.883	41160	332.0370040124833	2527433	0.36	2243	100	111658	None
ERR2641677_bin.13	4.45	0.01	Neural Network (Specific Model)	11	0.879	40169	252.275	240439	0.5	280	7	69716	None
ERR2641677_bin.14	12.93	0.85	Neural Network (Specific Model)	11	0.827	50593	306.452865064695	600484	0.39	541	20	83117	None
ERR2641677_bin.15	100.0	2.63	Neural Network (Specific Model)	11	0.876	171492	357.12111292962356	2238736	0.56	1833	27	370725	None
ERR2641677_bin.17	52.09	0.1	Neural Network (Specific Model)	11	0.906	3713	278.45589600742807	991951	0.55	1077	292	10717	None
ERR2641677_bin.18	23.85	0.01	Neural Network (Specific Model)	11	0.816	34834	304.20601851851853	482497	0.47	432	22	120735	None
ERR2641677_bin.19	61.93	0.74	Neural Network (Specific Model)	11	0.911	3805	305.93635977938055	2372292	0.44	2357	671	13184	None
ERR2641677_bin.2	43.23	7.78	Gradient Boost (General Model)	11	0.896	2342	229.45987825124516	1385850	0.61	1807	608	5649	None
ERR2641677_bin.20	87.85	0.74	Neural Network (Specific Model)	11	0.899	61823	316.98840321141836	2368201	0.41	2242	73	131051	None
ERR2641677_bin.22	86.34	75.38	Neural Network (Specific Model)	11	0.888	13896	320.8840672197405	5085932	0.45	4701	543	69646	None
ERR2641677_bin.23	16.34	1.34	Neural Network (Specific Model)	11	0.878	19694	259.3251599147122	829033	0.52	938	66	156765	None
ERR2641677_bin.25	59.96	0.86	Gradient Boost (General Model)	11	0.909	7081	272.34903474903473	1162198	0.42	1295	210	27793	None
ERR2641677_bin.26	99.98	12.97	Neural Network (Specific Model)	11	0.907	47733	353.2151253049457	5261325	0.46	4509	197	154289	None
ERR2641677_bin.27	85.11	0.02	Neural Network (Specific Model)	11	0.884	38622	326.62030540652086	2680846	0.49	2423	133	181600	None
ERR2641677_bin.28	10.88	0.1	Neural Network (Specific Model)	11	0.821	51667	234.31408775981524	369896	0.41	433	17	71847	None
ERR2641677_bin.30	86.43	4.47	Neural Network (Specific Model)	11	0.87	40397	317.28152341739576	2124576	0.59	1943	84	137971	None
ERR2641677_bin.32	90.56	36.18	Neural Network (Specific Model)	11	0.888	43968	323.2452316076294	3602372	0.42	3303	113	147318	None
ERR2641677_bin.36	85.58	1.79	Neural Network (Specific Model)	11	0.885	14426	301.0081261950287	2131260	0.49	2092	210	107027	None
ERR2641677_bin.37	95.93	13.09	Neural Network (Specific Model)	11	0.873	28628	317.3071880121751	4649463	0.43	4271	301	93289	None
ERR2641677_bin.39	8.94	0.02	Neural Network (Specific Model)	11	0.867	8992	282.76758409785936	319301	0.34	327	39	41833	None
ERR2641677_bin.4	95.3	1.1	Neural Network (Specific Model)	11	0.874	69509	341.93234421364986	1975838	0.6	1685	40	187497	None
ERR2641677_bin.41	100.0	1.15	Gradient Boost (General Model)	11	0.898	53922	338.2345002108815	2675983	0.44	2371	78	165917	None
ERR2641677_bin.43	100.0	0.15	Neural Network (Specific Model)	11	0.888	88595	349.34856396866843	2709916	0.56	2298	47	197313	None
ERR2641677_bin.45	99.72	6.6	Neural Network (Specific Model)	11	0.898	53187	362.9165014866204	4884010	0.42	4036	158	195108	None
ERR2641677_bin.46	53.96	3.22	Neural Network (Specific Model)	11	0.882	3479	261.2152434721242	1256625	0.62	1417	395	16458	None
ERR2641677_bin.47	78.78	1.03	Gradient Boost (General Model)	11	0.89	14864	303.63461538461536	1806585	0.62	1768	161	52404	None
ERR2641677_bin.48	84.17	1.56	Neural Network (Specific Model)	11	0.91	9739	303.71344165435744	2029914	0.38	2031	299	29201	None
ERR2641677_bin.49	76.97	8.5	Neural Network (Specific Model)	11	0.897	7311	297.5136150234742	2115239	0.42	2130	395	30811	None
ERR2641677_bin.5	59.32	3.54	Neural Network (Specific Model)	11	0.941	3427	276.7853517041334	1214598	0.38	1379	385	11182	None
ERR2641677_bin.50	92.05	1.85	Neural Network (Specific Model)	11	0.879	41087	343.1104328523862	2107921	0.6	1802	86	178282	None
ERR2641677_bin.51	82.06	0.72	Neural Network (Specific Model)	11	0.9	15808	314.69268077601413	2374874	0.42	2268	220	56386	None
ERR2641677_bin.52	72.89	19.87	Neural Network (Specific Model)	11	0.902	5833	299.42730627306275	2692658	0.45	2710	602	55248	None
ERR2641677_bin.53	12.09	0.01	Neural Network (Specific Model)	11	0.882	45263	316.1344262295082	327468	0.54	305	14	73426	None
ERR2641677_bin.54	100.0	0.17	Gradient Boost (General Model)	11	0.892	13424	286.2538209606987	1760021	0.49	1832	169	43596	None
ERR2641677_bin.55	98.48	3.33	Neural Network (Specific Model)	11	0.859	33755	312.5261345852895	3479277	0.42	3195	223	89679	None
ERR2641677_bin.56	99.97	1.27	Neural Network (Specific Model)	11	0.868	174395	322.6946138211382	2192284	0.55	1968	25	263095	None
ERR2641677_bin.57	84.89	0.01	Neural Network (Specific Model)	11	0.895	47763	346.735278791037	2225434	0.42	1919	72	286436	None
ERR2641677_bin.58	93.51	1.18	Gradient Boost (General Model)	11	0.873	25946	300.4350341925302	1959147	0.59	1901	111	56610	None
ERR2641677_bin.6	92.99	1.21	Neural Network (Specific Model)	11	0.898	25274	296.8293059125964	1924691	0.34	1945	125	56407	None
ERR2641677_bin.60	60.3	12.73	Gradient Boost (General Model)	11	0.898	2763	252.836744882676	1689667	0.6	2003	622	11505	None
ERR2641677_bin.64	5.51	0.0	Neural Network (Specific Model)	11	0.924	13058	383.1205357142857	278602	0.48	224	38	28222	None
ERR2641677_bin.65	47.87	0.45	Neural Network (Specific Model)	11	0.935	2791	261.8854351687389	943075	0.36	1126	341	9896	None
ERR2641677_bin.67	75.91	1.44	Neural Network (Specific Model)	11	0.906	7635	323.0318201103097	2516425	0.42	2357	430	31782	None
ERR2641677_bin.69	100.0	1.33	Gradient Boost (General Model)	11	0.88	157570	316.91539245667684	2115851	0.41	1962	23	306547	None
ERR2641677_bin.71	36.23	0.05	Neural Network (Specific Model)	11	0.887	62804	322.37050805452293	877826	0.47	807	28	134026	None
ERR2641677_bin.8	20.03	0.01	Neural Network (Specific Model)	11	0.912	261839	325.50387596899225	413564	0.41	387	3	261839	None
ERR2641677_bin.9	99.95	2.83	Neural Network (Specific Model)	11	0.882	50197	324.7288205980066	2654860	0.43	2408	94	168898	None
ERR2641733_bin.1	73.49	11.81	Gradient Boost (General Model)	11	0.898	4333	270.6118656182988	2525014	0.59	2798	683	21104	None
ERR2641733_bin.12	39.94	0.09	Neural Network (Specific Model)	11	0.919	16737	367.53481894150417	1291553	0.48	1077	117	41344	None
ERR2641733_bin.14	42.73	2.48	Gradient Boost (General Model)	11	0.9	2547	245.32056619483762	979793	0.61	1201	378	14787	None
ERR2641733_bin.2	85.56	0.05	Gradient Boost (General Model)	11	0.864	6845	292.2604938271605	1640958	0.45	1620	304	45473	None
ERR2641733_bin.20	7.49	0.0	Neural Network (Specific Model)	11	0.872	38922	309.12931034482756	245965	0.49	232	13	76350	None
ERR2641733_bin.21	15.64	0.0	Neural Network (Specific Model)	11	0.881	94885	393.003861003861	346361	0.6	259	6	95924	None
ERR2641733_bin.23	26.7	1.13	Neural Network (Specific Model)	11	0.881	2776	258.69303797468353	556003	0.57	632	206	6994	None
ERR2641733_bin.25	21.13	1.81	Neural Network (Specific Model)	11	0.947	2104	286.63671875	464387	0.33	512	211	7515	None
ERR2641733_bin.27	75.56	1.06	Gradient Boost (General Model)	11	0.905	6190	287.49536751080916	1540443	0.54	1619	290	32624	None
ERR2641733_bin.28	7.68	0.0	Neural Network (Specific Model)	11	0.889	16752	316.2147651006711	317305	0.38	298	26	100823	None
ERR2641733_bin.29	93.84	10.86	Neural Network (Specific Model)	11	0.879	30884	317.25803402646505	2288651	0.59	2116	107	108083	None
ERR2641733_bin.3	7.33	0.18	Neural Network (Specific Model)	11	0.867	16272	289.23387096774195	371620	0.52	372	38	47153	None
ERR2641733_bin.30	91.12	2.66	Gradient Boost (General Model)	11	0.9	32856	314.975	1845188	0.63	1760	79	86783	None
ERR2641733_bin.31	97.79	3.46	Gradient Boost (General Model)	11	0.886	16953	317.501525553013	2815706	0.49	2622	245	124603	None
ERR2641733_bin.32	62.8	0.18	Neural Network (Specific Model)	11	0.877	118918	314.4482484076433	1348233	0.41	1256	18	200423	None
ERR2641733_bin.33	88.51	47.56	Neural Network (Specific Model)	11	0.923	6414	340.7697083725306	5881769	0.6	5315	1169	72291	None
ERR2641733_bin.35	96.0	0.14	Neural Network (Specific Model)	11	0.836	14733	325.9179487179487	2503978	0.56	2145	245	70630	None
ERR2641733_bin.36	11.24	0.14	Neural Network (Specific Model)	11	0.858	14206	274.01372549019607	487145	0.39	510	63	64893	None
ERR2641733_bin.37	93.76	3.4	Neural Network (Specific Model)	11	0.889	57041	319.2627291242363	2112274	0.6	1964	59	154428	None
ERR2641733_bin.38	27.33	1.07	Neural Network (Specific Model)	11	0.939	2851	308.97879025923015	1255047	0.46	1273	456	10076	None
ERR2641733_bin.39	68.03	4.87	Gradient Boost (General Model)	11	0.91	4228	260.8182251908397	1799527	0.57	2096	490	20631	None
ERR2641733_bin.4	7.54	0.0	Neural Network (Specific Model)	11	0.926	130906	380.4808743169399	225377	0.47	183	4	130906	None
ERR2641733_bin.40	74.1	7.56	Gradient Boost (General Model)	11	0.881	5313	273.74372335386073	1964960	0.58	2111	441	30199	None
ERR2641733_bin.41	98.25	2.23	Neural Network (Specific Model)	11	0.908	9070	304.07413010590017	2652349	0.38	2644	398	72002	None
ERR2641733_bin.44	67.17	1.71	Neural Network (Specific Model)	11	0.899	4230	290.86304347826086	1783638	0.57	1840	499	13484	None
ERR2641733_bin.47	50.15	0.09	Neural Network (Specific Model)	11	0.866	59307	370.85997521685255	1035722	0.57	807	30	153187	None
ERR2641733_bin.48	84.5	0.45	Neural Network (Specific Model)	11	0.894	50638	352.7304258241758	3441875	0.4	2912	134	156562	None
ERR2641733_bin.5	5.65	0.02	Neural Network (Specific Model)	11	0.848	197276	260.02661596958177	241552	0.47	263	3	197276	None
ERR2641733_bin.50	97.98	0.79	Gradient Boost (General Model)	11	0.896	93627	337.9451788491446	2907189	0.44	2572	39	230466	None
ERR2641733_bin.51	87.51	7.58	Neural Network (Specific Model)	11	0.868	13834	302.5997155049787	3670072	0.42	3515	433	51406	None
ERR2641733_bin.52	21.37	1.53	Neural Network (Specific Model)	11	0.895	2320	248.69301712779975	631047	0.59	759	267	7367	None
ERR2641733_bin.53	99.89	0.71	Neural Network (Specific Model)	11	0.874	138162	338.36847826086955	2135058	0.6	1840	29	211177	None
ERR2641733_bin.55	33.45	0.76	Neural Network (Specific Model)	11	0.899	2730	254.3757637474542	831548	0.55	982	308	7682	None
ERR2641733_bin.56	79.64	0.69	Gradient Boost (General Model)	11	0.866	8772	305.18298368298366	1810518	0.5	1716	265	54579	None
ERR2641733_bin.58	86.71	4.98	Gradient Boost (General Model)	11	0.87	28693	301.0873410724157	1875893	0.59	1809	105	110586	None
ERR2641733_bin.6	9.05	0.03	Neural Network (Specific Model)	11	0.935	2364	261.23546511627904	287569	0.46	344	123	6189	None
ERR2641733_bin.60	23.49	0.04	Neural Network (Specific Model)	11	0.927	2525	279.19236016371076	660950	0.44	733	268	6834	None
ERR2641733_bin.61	52.97	0.01	Neural Network (Specific Model)	11	0.903	3091	295.1873417721519	1159649	0.49	1185	389	10680	None
ERR2641733_bin.62	54.07	0.32	Neural Network (Specific Model)	11	0.92	36202	387.74397590361446	1677684	0.6	1328	73	93191	None
ERR2641733_bin.64	86.52	4.91	Neural Network (Specific Model)	11	0.894	5528	275.36763386180075	3080753	0.4	3343	704	31044	None
ERR2641733_bin.65	7.0	0.0	Neural Network (Specific Model)	11	0.851	28243	243.18320610687022	223937	0.54	262	19	62085	None
ERR2641733_bin.7	6.45	0.01	Neural Network (Specific Model)	11	0.836	77925	244.13213213213214	291351	0.46	333	13	79740	None
ERR2641733_bin.70	64.78	0.43	Neural Network (Specific Model)	11	0.878	4393	293.0871369294606	1445816	0.6	1446	376	22576	None
ERR2641733_bin.71	94.58	0.35	Neural Network (Specific Model)	11	0.873	42629	335.5164319248826	2206965	0.61	1917	82	217326	None
ERR2641733_bin.72	100.0	0.48	Gradient Boost (General Model)	11	0.886	57684	310.06974063400577	1818652	0.54	1735	46	297419	None
ERR2641733_bin.73	38.31	0.17	Neural Network (Specific Model)	11	0.883	74321	304.99756986634264	851517	0.39	823	20	135002	None
ERR2641733_bin.74	53.17	9.97	Gradient Boost (General Model)	11	0.922	2867	252.07683741648106	1471050	0.61	1796	537	8097	None
ERR2641733_bin.75	83.62	45.35	Neural Network (Specific Model)	11	0.88	5315	277.1080523055747	4111497	0.6	4359	946	24750	None
ERR2641733_bin.77	86.42	112.94	Neural Network (Specific Model)	11	0.899	7201	301.1181915099826	20690889	0.44	20636	4062	85541	None
ERR2641733_bin.79	83.09	0.14	Neural Network (Specific Model)	11	0.918	5580	353.1453104359313	2615982	0.44	2271	573	21710	None
ERR2641733_bin.80	86.11	2.26	Gradient Boost (General Model)	11	0.911	16464	312.506038647343	1701578	0.61	1656	155	83487	None
ERR2641733_bin.81	4.93	0.03	Neural Network (Specific Model)	11	0.881	5651	238.63703703703703	218248	0.53	270	43	30437	None
ERR2641733_bin.9	94.77	2.55	Gradient Boost (General Model)	11	0.901	12258	328.07856417202845	3218927	0.42	2953	402	44105	None
SRR059458_bin.1	99.95	0.55	Neural Network (Specific Model)	11	0.911	41822	351.09017341040465	1998228	0.56	1730	80	139103	None
SRR059458_bin.10	99.15	0.36	Neural Network (Specific Model)	11	0.892	96733	320.92820512820515	1470774	0.39	1365	35	200238	None
SRR059458_bin.11	34.32	1.79	Neural Network (Specific Model)	11	0.925	3816	299.8530670470756	680646	0.55	701	197	11534	None
SRR059458_bin.13	32.92	0.39	Neural Network (Specific Model)	11	0.889	16346	352.3828920570265	583217	0.39	491	47	64023	None
SRR059458_bin.14	23.3	0.25	Neural Network (Specific Model)	11	0.952	1967	252.067055393586	271349	0.31	343	132	4874	None
SRR059458_bin.18	86.35	1.88	Neural Network (Specific Model)	11	0.88	10972	334.65876777251185	1203079	0.43	1055	155	75817	None
SRR059458_bin.19	100.0	91.7	Neural Network (Specific Model)	11	0.937	42937	320.6429731925264	2519081	0.28	2462	98	123619	None
SRR059458_bin.2	23.7	0.0	Neural Network (Specific Model)	11	0.878	239484	383.8910891089109	397371	0.4	303	2	239484	None
SRR059458_bin.20	86.26	1.48	Gradient Boost (General Model)	11	0.913	22648	333.6429503916449	1675612	0.53	1532	116	62301	None
SRR059458_bin.21	55.06	0.56	Neural Network (Specific Model)	11	0.877	15137	355.70953757225436	841352	0.43	692	86	33624	None
SRR059458_bin.22	31.9	13.38	Neural Network (Specific Model)	11	0.875	5131	295.3407671721677	1132911	0.53	1121	266	18685	None
SRR059458_bin.24	23.62	0.0	Neural Network (Specific Model)	11	0.871	107025	357.22049689440996	396042	0.42	322	3	194789	None
SRR059458_bin.25	82.11	0.62	Neural Network (Specific Model)	11	0.877	11231	320.41407035175877	2177203	0.46	1990	283	43257	None
SRR059458_bin.26	69.66	1.13	Neural Network (Specific Model)	11	0.899	4175	295.8820754716981	1672360	0.48	1696	466	13822	None
SRR059458_bin.27	40.43	0.03	Neural Network (Specific Model)	11	0.915	3062	289.0515873015873	715025	0.45	756	240	11158	None
SRR059458_bin.28	84.31	2.74	Neural Network (Specific Model)	11	0.914	4533	303.79511426319937	1263082	0.27	1269	319	23488	None
SRR059458_bin.29	31.65	0.13	Neural Network (Specific Model)	11	0.956	2874	299.7429906542056	803591	0.46	856	293	9027	None
SRR059458_bin.30	25.76	1.04	Neural Network (Specific Model)	11	0.895	6072	326.5798319327731	520815	0.54	476	102	17048	None
SRR059458_bin.5	46.5	0.95	Neural Network (Specific Model)	11	0.888	20734	307.7365930599369	658292	0.37	634	44	65253	None
SRR059458_bin.6	63.31	0.07	Neural Network (Specific Model)	11	0.863	80747	345.7591587516961	1769455	0.42	1474	47	247722	None
SRR059458_bin.7	90.24	0.0	Neural Network (Specific Model)	11	0.902	67063	328.41811846689893	1563741	0.47	1435	39	123692	None
SRR059458_bin.8	82.6	4.13	Neural Network (Specific Model)	11	0.915	4186	278.33579881656806	1230692	0.32	1352	340	18046	None
SRR059458_bin.9	80.84	35.76	Neural Network (Specific Model)	11	0.89	6433	328.61811352253756	2650045	0.53	2396	504	29373	None
SRR059459_bin.10	80.36	3.01	Neural Network (Specific Model)	11	0.876	10668	323.2182361733931	2217915	0.46	2007	281	43499	None
SRR059459_bin.11	24.61	0.03	Neural Network (Specific Model)	11	0.894	14516	353.2265625	454823	0.38	384	43	29613	None
SRR059459_bin.12	99.98	0.75	Neural Network (Specific Model)	11	0.909	48389	349.9412107101281	1980449	0.56	1718	60	103831	None
SRR059459_bin.13	81.49	0.23	Neural Network (Specific Model)	11	0.88	37282	343.1379746835443	1845926	0.35	1580	77	96312	None
SRR059459_bin.15	47.08	0.0	Neural Network (Specific Model)	11	0.92	10896	306.8622129436326	478020	0.32	479	67	46220	None
SRR059459_bin.18	28.78	0.13	Neural Network (Specific Model)	11	0.858	100048	331.98920863309354	644534	0.41	556	16	167489	None
SRR059459_bin.19	8.72	2.12	Neural Network (Specific Model)	11	0.886	4928	346.10526315789474	200182	0.54	171	46	12259	None
SRR059459_bin.2	99.78	0.37	Neural Network (Specific Model)	11	0.891	84568	319.16290909090907	1474915	0.39	1375	29	227681	None
SRR059459_bin.20	60.53	0.8	Neural Network (Specific Model)	11	0.875	15880	355.1433962264151	967130	0.42	795	92	70982	None
SRR059459_bin.21	15.65	0.05	Neural Network (Specific Model)	11	0.955	3515	299.68652037617557	299731	0.56	319	97	7252	None
SRR059459_bin.22	11.78	0.0	Neural Network (Specific Model)	11	0.868	2864	268.4767801857585	299282	0.48	323	110	6677	None
SRR059459_bin.24	98.21	1.8	Gradient Boost (General Model)	11	0.911	29496	335.22904009720537	1811813	0.53	1646	94	78033	None
SRR059459_bin.25	84.0	1.06	Neural Network (Specific Model)	11	0.88	10909	329.02403846153845	1165384	0.43	1040	162	57496	None
SRR059459_bin.26	20.55	0.0	Neural Network (Specific Model)	11	0.919	71465	393.3157894736842	268133	0.44	209	6	85136	None
SRR059459_bin.27	23.71	0.0	Neural Network (Specific Model)	11	0.878	239887	382.9703947368421	397774	0.4	304	2	239887	None
SRR059459_bin.28	35.01	18.25	Neural Network (Specific Model)	11	0.87	4787	298.44084400904296	1363344	0.52	1327	324	18060	None
SRR059459_bin.3	45.23	0.08	Neural Network (Specific Model)	11	0.877	192966	390.640562248996	664705	0.44	498	10	243680	None
SRR059459_bin.30	62.02	0.02	Neural Network (Specific Model)	11	0.866	145880	358.9104584527221	1732154	0.43	1396	18	446525	None
SRR059459_bin.32	87.95	0.0	Neural Network (Specific Model)	11	0.903	84941	330.4483007953724	1514914	0.46	1383	27	314266	None
SRR059459_bin.5	88.1	1.6	Neural Network (Specific Model)	11	0.882	7308	318.6022128556375	2054529	0.39	1898	365	24966	None
SRR059459_bin.6	23.62	0.0	Neural Network (Specific Model)	11	0.871	107025	357.22049689440996	396042	0.42	322	3	194789	None
SRR059459_bin.7	64.88	0.42	Gradient Boost (General Model)	11	0.908	99426	356.84776119402983	1183484	0.42	1005	32	145438	None
SRR059459_bin.9	81.61	48.31	Neural Network (Specific Model)	11	0.89	5929	324.13901827302044	3046223	0.53	2791	615	26127	None
SRR513791_bin.2	45.74	0.11	Neural Network (Specific Model)	11	0.902	32016	297.69936305732483	775641	0.36	785	44	85239	None
SRR8692206_bin.1	83.26	1.44	Neural Network (Specific Model)	11	0.894	107688	355.9524142757173	3408345	0.45	2858	46	328529	None
SRR8692206_bin.10	100.0	0.36	Neural Network (Specific Model)	11	0.907	115804	310.4759736975215	2029078	0.39	1977	26	261023	None
SRR8692206_bin.11	15.52	0.0	Neural Network (Specific Model)	11	0.894	145531	335.7792592592593	759208	0.51	675	6	205556	None
SRR8692206_bin.12	10.43	0.03	Neural Network (Specific Model)	11	0.882	58401	305.404	259234	0.4	250	5	98055	None
SRR8692206_bin.13	96.05	1.37	Neural Network (Specific Model)	11	0.909	80411	342.6530936012692	2131960	0.59	1891	52	198815	None
SRR8692206_bin.14	94.44	0.59	Neural Network (Specific Model)	11	0.835	38865	302.2744174516609	4377700	0.28	4034	202	165982	None
SRR8692206_bin.18	89.24	5.45	Neural Network (Specific Model)	11	0.839	7749	261.3833149577361	2538457	0.32	2721	473	30425	None
SRR8692206_bin.19	24.88	0.01	Neural Network (Specific Model)	11	0.884	126486	289.5189873417722	387620	0.4	395	7	127241	None
SRR8692206_bin.2	23.13	0.07	Neural Network (Specific Model)	11	0.895	656118	324.7049356223176	1013264	0.51	932	2	656118	None
SRR8692206_bin.20	6.8	0.0	Neural Network (Specific Model)	11	0.901	213003	282.9616724738676	269601	0.5	287	3	213003	None
SRR8692206_bin.21	40.95	0.42	Neural Network (Specific Model)	11	0.902	2950	242.23357664233578	1981224	0.56	2466	701	9178	None
SRR8692206_bin.22	27.94	0.14	Neural Network (Specific Model)	11	0.884	97730	332.4267857142857	630770	0.4	560	10	269137	None
SRR8692206_bin.25	43.43	0.72	Neural Network (Specific Model)	11	0.886	189940	318.06457739791074	1132359	0.38	1053	11	229500	None
SRR8692206_bin.27	7.49	0.0	Neural Network (Specific Model)	11	0.88	57233	324.6338797814208	202290	0.49	183	6	98064	None
SRR8692206_bin.3	9.82	0.05	Neural Network (Specific Model)	11	0.892	60747	299.1847290640394	407190	0.43	406	10	99166	None
SRR8692206_bin.30	9.63	5.55	Neural Network (Specific Model)	11	0.959	287764	364.29457364341084	293338	0.6	258	3	287764	None
SRR8692206_bin.31	11.17	0.0	Neural Network (Specific Model)	11	0.907	85085	384.0210157618214	724372	0.46	571	11	136366	None
SRR8692206_bin.32	4.44	0.0	Neural Network (Specific Model)	11	0.839	141861	264.15668202764977	204617	0.48	217	3	141861	None
SRR8692206_bin.33	84.0	1.32	Neural Network (Specific Model)	11	0.898	35351	310.4960438222763	1702228	0.43	1643	74	136577	None
SRR8692206_bin.4	6.84	0.0	Neural Network (Specific Model)	11	0.921	84444	421.2368421052632	416491	0.45	304	7	161141	None
SRR8692206_bin.6	10.28	0.0	Neural Network (Specific Model)	11	0.834	11039	243.87521968365553	498085	0.28	569	75	39906	None
SRR8692206_bin.7	54.93	0.11	Neural Network (Specific Model)	11	0.895	781933	316.5442083618917	1546386	0.37	1459	5	781933	None
SRR8692206_bin.8	14.47	0.0	Neural Network (Specific Model)	11	0.88	363311	306.42857142857144	576907	0.51	553	2	363311	None
SRR8692207_bin.11	10.49	0.0	Neural Network (Specific Model)	11	0.903	421107	377.28801843317973	543216	0.45	434	2	421107	None
SRR8692207_bin.15	99.99	0.17	Neural Network (Specific Model)	11	0.9	206962	368.2214983713355	5270907	0.41	4298	62	340207	None
SRR8692207_bin.16	6.71	0.0	Neural Network (Specific Model)	11	0.914	243118	409.44357976653697	345035	0.44	257	3	243118	None
SRR8692207_bin.17	36.87	1.84	Neural Network (Specific Model)	11	0.852	51795	304.2385211687537	1791859	0.42	1677	42	146071	None
SRR8692207_bin.2	6.11	0.0	Neural Network (Specific Model)	11	0.862	6552	269.21370967741933	231579	0.59	248	45	20406	None
SRR8692207_bin.20	66.27	0.0	Neural Network (Specific Model)	11	0.895	81546	320.0453149001536	2788436	0.56	2604	58	235514	None
SRR8692207_bin.21	35.76	0.17	Neural Network (Specific Model)	11	0.858	110014	301.8855116514691	1039433	0.45	987	14	233368	None
SRR8692207_bin.22	75.22	0.71	Neural Network (Specific Model)	11	0.916	5922	275.5591973244147	1347005	0.46	1495	286	22629	None
SRR8692207_bin.23	16.26	0.01	Neural Network (Specific Model)	11	0.876	38372	402.0	338467	0.6	246	18	53300	None
SRR8692207_bin.24	6.33	0.0	Neural Network (Specific Model)	11	0.903	76973	310.2111801242236	331023	0.57	322	10	121955	None
SRR8692207_bin.25	22.44	0.15	Neural Network (Specific Model)	11	0.84	60934	321.9751861042184	925380	0.42	806	22	179058	None
SRR8692207_bin.26	21.72	0.01	Neural Network (Specific Model)	11	0.896	549851	351.502427184466	968478	0.43	824	5	549851	None
SRR8692207_bin.27	100.0	1.1	Neural Network (Specific Model)	11	0.875	43570	336.44662233111654	3292096	0.64	2857	109	155269	None
SRR8692207_bin.29	67.26	0.07	Neural Network (Specific Model)	11	0.892	195851	367.56309148264984	3131356	0.43	2536	22	451523	None
SRR8692207_bin.3	97.37	1.21	Neural Network (Specific Model)	11	0.858	32558	299.90796812749005	2628422	0.47	2510	127	92281	None
SRR8692207_bin.30	50.16	0.12	Neural Network (Specific Model)	11	0.866	206345	332.3768267223382	1102475	0.39	958	6	366960	None
SRR8692207_bin.32	64.82	0.42	Neural Network (Specific Model)	11	0.889	336029	330.7264895908112	1551450	0.59	1393	7	594509	None
SRR8692207_bin.33	9.53	0.09	Neural Network (Specific Model)	11	0.886	187934	332.10645161290324	348270	0.42	310	2	187934	None
SRR8692207_bin.4	30.24	0.03	Neural Network (Specific Model)	11	0.882	251948	385.10364145658264	933762	0.57	714	7	380665	None
SRR8692207_bin.6	23.67	0.04	Neural Network (Specific Model)	11	0.875	46047	327.25082508250824	678359	0.61	606	31	132274	None
SRR8692207_bin.8	91.77	0.46	Neural Network (Specific Model)	11	0.856	122286	357.1173469387755	2694250	0.65	2156	37	249780	None
SRR8692207_bin.9	99.99	0.3	Neural Network (Specific Model)	11	0.862	104874	291.40893961008084	2129303	0.37	2103	43	205830	None
SRR8692213_bin.1	4.23	0.01	Neural Network (Specific Model)	11	0.881	157683	312.88837209302324	228895	0.48	215	4	157683	None
SRR8692213_bin.10	99.83	0.62	Neural Network (Specific Model)	11	0.912	127250	360.0142393205096	4736537	0.45	4003	66	270121	None
SRR8692213_bin.12	18.97	0.52	Neural Network (Specific Model)	11	0.897	2395	253.58719646799116	383559	0.4	453	159	6435	None
SRR8692213_bin.14	26.32	0.05	Neural Network (Specific Model)	11	0.888	22148	305.7330316742081	455771	0.39	442	35	51195	None
SRR8692213_bin.16	97.02	0.45	Neural Network (Specific Model)	11	0.912	153821	372.81762295081967	4182833	0.46	3416	41	490297	None
SRR8692213_bin.17	72.56	0.06	Neural Network (Specific Model)	11	0.891	221911	323.3837407617965	3824449	0.56	3518	24	466156	None
SRR8692213_bin.2	27.4	0.01	Neural Network (Specific Model)	11	0.882	246179	317.7853107344633	1718855	0.56	1593	11	395368	None
SRR8692213_bin.24	8.81	0.0	Neural Network (Specific Model)	11	0.881	77388	341.1490909090909	318947	0.59	275	6	130568	None
SRR8692213_bin.26	10.06	0.0	Neural Network (Specific Model)	11	0.876	42805	296.1527446300716	424331	0.42	419	11	68965	None
SRR8692213_bin.27	91.81	10.02	Neural Network (Specific Model)	11	0.879	7392	272.73406804024916	1939663	0.39	2087	361	42645	None
SRR8692213_bin.5	74.25	5.3	Neural Network (Specific Model)	11	0.908	2871	235.99373576309796	1367365	0.4	1756	502	11374	None
SRR8692213_bin.6	19.79	0.0	Neural Network (Specific Model)	11	0.879	275523	333.0145278450363	468589	0.6	413	4	275523	None
SRR8692213_bin.8	11.62	0.0	Neural Network (Specific Model)	11	0.873	3236	232.1625441696113	225318	0.4	283	75	20136	None
SRR8692213_bin.9	100.0	0.18	Neural Network (Specific Model)	11	0.876	115367	339.9665621734587	3336890	0.64	2871	42	382974	None
ERR2641635_bin.1	47.28	7.01	Gradient Boost (General Model)	11	0.899	3562	297.67056074766356	2121804	0.44	2140	632	18022	None
ERR2641635_bin.16	5.27	0.0	Neural Network (Specific Model)	11	0.874	37092	307.04	210070	0.47	200	6	57470	None
ERR2641635_bin.18	75.35	0.49	Neural Network (Specific Model)	11	0.895	6624	294.9493964716806	2125867	0.44	2154	398	29691	None
ERR2641635_bin.2	45.8	0.06	Neural Network (Specific Model)	11	0.873	147299	392.04415584415585	1036015	0.6	770	9	409111	None
ERR2641635_bin.20	97.24	0.0	Neural Network (Specific Model)	11	0.912	22444	327.97917630726516	2328092	0.38	2161	151	54966	None
ERR2641635_bin.22	86.63	1.25	Gradient Boost (General Model)	11	0.884	23626	337.0349094122846	2584205	0.44	2263	175	83813	None
ERR2641635_bin.24	78.31	0.37	Neural Network (Specific Model)	11	0.914	39123	368.6197666437886	3520629	0.48	2914	122	165252	None
ERR2641635_bin.27	46.21	1.96	Gradient Boost (General Model)	11	0.888	3628	254.08905109489052	1173900	0.6	1370	360	11660	None
ERR2641635_bin.29	26.25	3.31	Neural Network (Specific Model)	11	0.863	5771	238.6202614379085	1264862	0.34	1530	273	24779	None
ERR2641635_bin.31	98.62	0.46	Gradient Boost (General Model)	11	0.9	51365	296.93784378437846	1795368	0.46	1818	46	139750	None
ERR2641635_bin.32	68.13	1.6	Neural Network (Specific Model)	11	0.881	34059	322.049127343245	1693904	0.61	1547	80	71239	None
ERR2641635_bin.33	20.09	0.88	Neural Network (Specific Model)	11	0.882	2687	238.8542834267414	1011841	0.33	1249	383	9449	None
ERR2641635_bin.34	80.16	28.32	Neural Network (Specific Model)	11	0.884	3958	265.6659789947487	4793834	0.4	5332	1333	37634	None
ERR2641635_bin.35	48.74	0.1	Neural Network (Specific Model)	11	0.879	3973	263.84148264984225	1140452	0.6	1268	311	17398	None
ERR2641635_bin.38	95.38	2.12	Gradient Boost (General Model)	11	0.888	34643	318.6318577374196	2839391	0.49	2643	134	184925	None
ERR2641635_bin.39	97.64	8.74	Neural Network (Specific Model)	11	0.898	42941	304.49046081596714	3457901	0.41	3407	159	132672	None
ERR2641635_bin.44	76.46	2.97	Neural Network (Specific Model)	11	0.912	7774	303.0133909287257	2302825	0.38	2315	381	45697	None
ERR2641635_bin.47	11.07	0.35	Neural Network (Specific Model)	11	0.885	2381	265.9443155452436	387963	0.38	431	165	6297	None
ERR2641635_bin.52	91.21	5.53	Neural Network (Specific Model)	11	0.898	19576	306.361669829222	2692683	0.37	2635	204	74507	None
ERR2641635_bin.55	98.02	12.63	Gradient Boost (General Model)	11	0.86	23641	298.95080959212953	5079913	0.37	4879	422	89902	None
ERR2641635_bin.57	67.04	3.08	Neural Network (Specific Model)	11	0.882	4602	285.6397343663531	1753382	0.61	1807	434	49933	None
ERR2641635_bin.59	94.13	1.88	Neural Network (Specific Model)	11	0.891	51660	333.56947935368044	3120106	0.47	2785	89	127875	None
ERR2641635_bin.65	57.04	31.15	Neural Network (Specific Model)	11	0.892	14977	313.2028865979381	2549565	0.45	2425	263	49892	None
ERR2641635_bin.9	83.85	6.53	Neural Network (Specific Model)	11	0.897	64685	371.1757246376812	3424480	0.4	2760	94	281625	None
ERR2641677_bin.1	89.22	22.23	Neural Network (Specific Model)	11	0.912	11363	350.4947042528923	7065559	0.42	6137	979	54530	None
ERR2641677_bin.16	13.85	0.0	Neural Network (Specific Model)	11	0.915	16186	316.43887147335425	330011	0.44	319	28	37858	None
ERR2641677_bin.21	87.81	3.04	Neural Network (Specific Model)	11	0.903	33736	363.44935664797094	3654590	0.46	3031	162	152239	None
ERR2641677_bin.24	97.26	80.34	Neural Network (Specific Model)	11	0.888	7117	294.64939056703764	9374171	0.43	9435	1721	70157	None
ERR2641677_bin.29	9.56	0.21	Neural Network (Specific Model)	11	0.863	7075	243.51543942992873	355295	0.52	421	64	29289	None
ERR2641677_bin.3	46.32	0.39	Neural Network (Specific Model)	11	0.874	3957	278.8901651112706	1331273	0.5	1393	365	23463	None
ERR2641677_bin.31	78.13	0.0	Neural Network (Specific Model)	11	0.894	162736	318.4632587859425	1668767	0.46	1565	15	309190	None
ERR2641677_bin.33	62.95	6.87	Gradient Boost (General Model)	11	0.908	2455	250.69023962594974	1413766	0.63	1711	571	7865	None
ERR2641677_bin.34	31.23	12.82	Gradient Boost (General Model)	11	0.871	3090	233.24301600216978	5901557	0.35	7374	1968	35929	Low confidence prediction - substantial (36%) disagreement between completeness prediction models
ERR2641677_bin.35	90.72	1.09	Neural Network (Specific Model)	11	0.903	67453	319.8921783625731	2903517	0.44	2736	75	217242	None
ERR2641677_bin.38	50.85	0.05	Neural Network (Specific Model)	11	0.922	3486	304.7595011876485	1668247	0.61	1684	527	10434	None
ERR2641677_bin.40	76.88	1.68	Neural Network (Specific Model)	11	0.88	6309	297.3513779527559	2056352	0.61	2032	403	33045	None
ERR2641677_bin.42	87.5	13.53	Neural Network (Specific Model)	11	0.905	17279	354.90776470588236	7490059	0.42	6375	677	96779	None
ERR2641677_bin.44	25.06	5.47	Neural Network (Specific Model)	11	0.858	12515	248.96954769368563	1938567	0.37	2233	260	202109	None
ERR2641677_bin.59	87.79	0.13	Neural Network (Specific Model)	11	0.904	86896	377.1220757124628	2940719	0.59	2351	53	297024	None
ERR2641677_bin.61	20.46	0.0	Neural Network (Specific Model)	11	0.933	3396	334.6518264840183	940911	0.46	876	301	10266	None
ERR2641677_bin.62	20.03	0.0	Neural Network (Specific Model)	11	0.885	252115	326.752427184466	455341	0.46	412	6	252115	None
ERR2641677_bin.63	77.51	1.01	Neural Network (Specific Model)	11	0.903	81483	355.5695779356456	2821900	0.46	2393	64	222974	None
ERR2641677_bin.66	12.11	0.05	Neural Network (Specific Model)	11	0.928	2929	329.0243093922652	961187	0.42	905	339	9088	None
ERR2641677_bin.68	80.3	1.14	Neural Network (Specific Model)	11	0.908	6632	343.76667982629294	2873762	0.39	2533	545	28322	None
ERR2641677_bin.7	84.07	6.23	Gradient Boost (General Model)	11	0.92	8081	308.7457553330431	2309897	0.45	2297	373	45806	None
ERR2641677_bin.70	85.54	18.5	Gradient Boost (General Model)	11	0.878	13175	293.3831843440445	4142155	0.42	4139	455	58792	None
ERR2641677_bin.72	97.1	0.41	Neural Network (Specific Model)	11	0.896	73784	332.8624254473161	2797801	0.47	2515	72	182453	None
ERR2641733_bin.10	95.08	0.28	Gradient Boost (General Model)	11	0.901	19833	321.65357852882704	2152519	0.55	2012	156	91019	None
ERR2641733_bin.11	53.61	0.28	Neural Network (Specific Model)	11	0.902	238280	351.39814814814815	1008679	0.59	864	15	287588	None
ERR2641733_bin.13	30.31	0.0	Neural Network (Specific Model)	11	0.865	71947	380.385068762279	671195	0.6	509	14	168072	None
ERR2641733_bin.15	94.53	6.3	Neural Network (Specific Model)	11	0.912	73234	370.1834126040428	4089864	0.47	3364	87	261121	None
ERR2641733_bin.16	92.42	0.61	Gradient Boost (General Model)	11	0.872	63656	324.05398773006135	1814304	0.47	1630	62	209130	None
ERR2641733_bin.17	92.6	0.35	Neural Network (Specific Model)	11	0.903	22969	365.9165217391304	4188584	0.42	3450	284	83729	None
ERR2641733_bin.18	13.62	0.0	Neural Network (Specific Model)	11	0.906	2568	242.53529411764706	409093	0.59	510	166	5819	None
ERR2641733_bin.19	98.56	0.17	Gradient Boost (General Model)	11	0.91	205899	338.49278846153845	1853463	0.54	1664	12	391881	None
ERR2641733_bin.22	99.72	1.44	Neural Network (Specific Model)	11	0.885	52810	323.62037914691945	2309719	0.44	2110	70	120069	None
ERR2641733_bin.24	53.94	2.42	Neural Network (Specific Model)	11	0.886	3353	260.6062068965517	1276859	0.6	1450	418	13176	None
ERR2641733_bin.26	52.69	0.42	Neural Network (Specific Model)	11	0.891	109465	350.06290672451195	1084551	0.55	922	20	358118	None
ERR2641733_bin.34	77.11	0.83	Neural Network (Specific Model)	11	0.899	24090	338.65060240963857	2341010	0.48	2075	150	92907	None
ERR2641733_bin.42	98.58	93.35	Neural Network (Specific Model)	11	0.924	4019	337.8833422317138	16418843	0.43	14984	4582	59092	None
ERR2641733_bin.43	38.74	0.0	Neural Network (Specific Model)	11	0.882	3008	266.8567222767419	923014	0.57	1019	320	9171	None
ERR2641733_bin.45	52.15	1.07	Neural Network (Specific Model)	11	0.837	15317	300.4793388429752	1300396	0.51	1210	130	66254	None
ERR2641733_bin.46	78.14	1.75	Neural Network (Specific Model)	11	0.906	6628	329.534924330617	1873676	0.56	1718	339	37334	None
ERR2641733_bin.49	99.93	0.44	Neural Network (Specific Model)	11	0.868	72978	326.1253687315634	2290357	0.54	2034	52	254698	None
ERR2641733_bin.54	84.61	5.33	Neural Network (Specific Model)	11	0.91	59201	355.09650986342945	3851878	0.44	3295	105	154486	None
ERR2641733_bin.57	34.96	6.1	Neural Network (Specific Model)	11	0.86	6783	238.2845827439887	2926945	0.36	3535	598	32418	None
ERR2641733_bin.59	91.47	1.82	Gradient Boost (General Model)	11	0.878	7393	309.39695817490497	2776753	0.58	2630	481	37016	None
ERR2641733_bin.63	6.44	0.0	Neural Network (Specific Model)	11	0.898	11461	219.60217983651225	268169	0.53	367	43	44998	None
ERR2641733_bin.66	94.42	0.27	Neural Network (Specific Model)	11	0.915	23377	327.71971066907776	2372298	0.38	2212	154	117026	None
ERR2641733_bin.67	72.41	0.24	Neural Network (Specific Model)	11	0.9	14115	316.7268156424581	1886290	0.43	1790	188	38936	None
ERR2641733_bin.68	16.55	0.0	Neural Network (Specific Model)	11	0.913	74670	327.25054945054944	488089	0.43	455	27	99112	None
ERR2641733_bin.69	16.73	0.6	Neural Network (Specific Model)	11	0.89	2044	234.36311787072242	828712	0.35	1052	387	7676	None
ERR2641733_bin.76	80.78	5.08	Neural Network (Specific Model)	11	0.869	12561	291.21026894865525	2053529	0.58	2045	247	74844	None
ERR2641733_bin.78	43.92	0.04	Neural Network (Specific Model)	11	0.899	11327	308.66606170598914	566384	0.45	551	68	33050	None
ERR2641733_bin.8	87.5	3.93	Gradient Boost (General Model)	11	0.887	4057	272.389731621937	1576456	0.6	1714	434	19681	None
SRR059458_bin.12	86.01	0.42	Neural Network (Specific Model)	11	0.884	8267	322.13967391304345	2009487	0.39	1840	336	31987	None
SRR059458_bin.15	50.1	0.06	Neural Network (Specific Model)	11	0.919	11421	297.77443609022555	516180	0.33	532	66	30053	None
SRR059458_bin.16	69.9	2.75	Gradient Boost (General Model)	11	0.91	62536	363.280701754386	1159361	0.43	969	33	169265	None
SRR059458_bin.17	46.0	0.34	Neural Network (Specific Model)	11	0.877	213112	389.4764705882353	679152	0.44	510	8	302362	None
SRR059458_bin.23	84.0	0.06	Neural Network (Specific Model)	11	0.882	47533	352.4079397672827	1750512	0.35	1461	64	107961	None
SRR059458_bin.3	32.85	0.0	Neural Network (Specific Model)	11	0.87	132656	360.0130057803468	858434	0.43	692	11	249635	None
SRR059458_bin.31	22.05	0.01	Neural Network (Specific Model)	11	0.923	75811	358.36538461538464	302573	0.39	260	9	83007	None
SRR059458_bin.4	92.36	0.05	Neural Network (Specific Model)	11	0.865	142440	370.3888888888889	1570125	0.46	1224	18	294352	None
SRR059459_bin.1	12.47	0.01	Neural Network (Specific Model)	11	0.922	4085	303.73251028806584	239779	0.53	243	61	10611	None
SRR059459_bin.14	77.95	2.33	Neural Network (Specific Model)	11	0.922	4382	288.00755429650616	990667	0.32	1059	257	13540	None
SRR059459_bin.16	100.0	92.34	Neural Network (Specific Model)	11	0.939	51002	322.09004934210526	2494338	0.27	2432	86	147104	None
SRR059459_bin.17	85.57	0.83	Neural Network (Specific Model)	11	0.917	4539	300.4211344211344	1263104	0.27	1287	325	19654	None
SRR059459_bin.23	72.06	0.38	Neural Network (Specific Model)	11	0.9	4372	299.3246135552913	1676157	0.48	1682	450	17913	None
SRR059459_bin.29	21.51	0.58	Neural Network (Specific Model)	11	0.948	2149	263.6145610278373	388507	0.31	467	178	6434	None
SRR059459_bin.31	32.07	0.02	Neural Network (Specific Model)	11	0.957	2716	297.8991130820399	840503	0.45	902	313	9877	None
SRR059459_bin.33	36.6	0.03	Neural Network (Specific Model)	11	0.912	2895	274.2728531855956	649826	0.45	722	228	8475	None
SRR059459_bin.4	72.98	0.02	Neural Network (Specific Model)	11	0.871	116618	374.54299516908213	1333711	0.46	1035	18	282628	None
SRR059459_bin.8	49.84	0.02	Neural Network (Specific Model)	11	0.892	18067	305.4869942196532	710154	0.37	692	52	32230	None
SRR513791_bin.1	82.45	0.02	Neural Network (Specific Model)	11	0.91	87820	319.204	1314646	0.34	1250	28	154151	None
SRR513791_bin.3	39.06	0.01	Neural Network (Specific Model)	11	0.877	20799	285.1896551724138	734322	0.38	754	48	62084	None
SRR8692206_bin.15	45.33	0.21	Neural Network (Specific Model)	11	0.917	154673	363.72609500308454	1925884	0.46	1621	16	279423	None
SRR8692206_bin.16	61.39	6.42	Neural Network (Specific Model)	11	0.854	7456	245.99596076168493	1495028	0.39	1733	243	64115	None
SRR8692206_bin.17	48.26	0.43	Neural Network (Specific Model)	11	0.91	195860	360.72391559202816	2026426	0.45	1706	15	408499	None
SRR8692206_bin.23	12.69	0.02	Neural Network (Specific Model)	11	0.888	197682	310.2	329526	0.39	315	5	197682	None
SRR8692206_bin.24	81.24	0.65	Neural Network (Specific Model)	11	0.908	85987	353.21666666666664	3986997	0.46	3420	72	192798	None
SRR8692206_bin.26	25.14	0.0	Neural Network (Specific Model)	11	0.896	272822	325.84705882352944	1296261	0.51	1190	10	406964	None
SRR8692206_bin.28	15.26	0.0	Neural Network (Specific Model)	11	0.88	475839	310.71733333333333	793776	0.49	750	5	475839	None
SRR8692206_bin.29	12.32	0.01	Neural Network (Specific Model)	11	0.907	85872	360.39351851851853	514081	0.47	432	8	116379	None
SRR8692206_bin.34	99.99	0.35	Neural Network (Specific Model)	11	0.882	401300	324.07838983050846	2078559	0.39	1888	10	832773	None
SRR8692206_bin.5	8.47	0.0	Neural Network (Specific Model)	11	0.826	130590	312.22935779816515	246794	0.29	218	6	130590	None
SRR8692206_bin.9	99.62	0.14	Neural Network (Specific Model)	11	0.899	58227	303.394438722966	1962636	0.35	1942	44	173646	None
SRR8692207_bin.1	31.83	0.02	Neural Network (Specific Model)	11	0.889	131108	327.49500831946756	1325817	0.51	1202	18	421943	None
SRR8692207_bin.10	27.43	0.01	Neural Network (Specific Model)	11	0.879	80349	296.7139498432602	1290181	0.55	1276	34	153018	None
SRR8692207_bin.12	99.97	1.79	Neural Network (Specific Model)	11	0.907	215432	370.7947864669994	4416135	0.43	3606	34	445593	None
SRR8692207_bin.13	83.96	0.65	Neural Network (Specific Model)	11	0.911	155072	365.77090592334497	4144466	0.45	3444	40	543525	None
SRR8692207_bin.14	6.1	0.01	Neural Network (Specific Model)	11	0.822	2181	209.39268292682928	311930	0.35	410	133	6829	None
SRR8692207_bin.18	50.57	0.48	Neural Network (Specific Model)	11	0.883	26212	339.28691588785045	1231507	0.6	1070	76	62561	None
SRR8692207_bin.19	8.71	0.0	Neural Network (Specific Model)	11	0.85	82432	286.02564102564105	274910	0.43	273	5	104331	None
SRR8692207_bin.28	99.99	0.09	Neural Network (Specific Model)	11	0.905	166833	337.7084775086505	2582442	0.63	2312	27	470957	None
SRR8692207_bin.31	15.92	0.1	Neural Network (Specific Model)	11	0.886	2282	228.77292576419214	354255	0.39	458	154	8958	None
SRR8692207_bin.34	4.99	0.17	Neural Network (Specific Model)	11	0.906	180011	273.872	225689	0.48	250	2	180011	None
SRR8692207_bin.5	55.09	0.03	Neural Network (Specific Model)	11	0.905	130272	326.4912891986063	930459	0.38	861	9	200780	None
SRR8692207_bin.7	72.37	1.4	Neural Network (Specific Model)	11	0.888	174516	313.95851128737036	3472511	0.51	3278	39	375057	None
SRR8692213_bin.11	82.62	1.38	Neural Network (Specific Model)	11	0.838	7032	307.3812025685931	1883481	0.6	1713	339	31513	None
SRR8692213_bin.13	50.95	0.22	Neural Network (Specific Model)	11	0.893	78833	354.60273252758805	2264028	0.42	1903	43	293100	None
SRR8692213_bin.15	70.2	0.55	Neural Network (Specific Model)	11	0.895	145144	322.3260744985673	3765479	0.49	3490	41	504900	None
SRR8692213_bin.18	99.97	2.64	Neural Network (Specific Model)	11	0.904	148730	361.02270531400967	4954633	0.42	4140	49	481125	None
SRR8692213_bin.19	13.03	0.01	Neural Network (Specific Model)	11	0.871	125038	317.74091627172197	691563	0.43	633	14	145415	None
SRR8692213_bin.20	70.42	3.38	Neural Network (Specific Model)	11	0.885	9972	283.9386682242991	1645906	0.4	1712	228	61250	None
SRR8692213_bin.21	39.78	0.09	Neural Network (Specific Model)	11	0.865	79732	338.3413098236776	930687	0.6	794	15	252936	None
SRR8692213_bin.22	39.87	0.03	Neural Network (Specific Model)	11	0.904	114834	383.4540816326531	1743540	0.42	1372	27	236691	None
SRR8692213_bin.23	4.84	0.0	Neural Network (Specific Model)	11	0.842	75833	280.3941368078176	306041	0.45	307	9	116537	None
SRR8692213_bin.25	18.72	1.5	Neural Network (Specific Model)	11	0.888	2146	204.02	412141	0.4	600	192	4844	None
SRR8692213_bin.3	25.63	0.0	Neural Network (Specific Model)	11	0.873	544421	322.28978224455614	659859	0.6	597	4	544421	None
SRR8692213_bin.4	41.28	1.52	Neural Network (Specific Model)	11	0.892	263584	341.6113074204947	1946971	0.5	1698	14	478106	None
SRR8692213_bin.7	92.76	1.97	Neural Network (Specific Model)	11	0.888	53449	309.6374331550802	1953459	0.42	1870	51	189894	None
