feature	X218538	X33039	X360807	X751585	X39491	X88431	X39488	X457412	X40518	X853	X39485	X1680	X216816	X562	X165179	X47678	X817	X818	X820	X821	X357276	X46506	X28116	X204516	X28117	X239935
ERR260139	-0.0038860073776055	-0.0038860073776055	-0.0038860073776055	0.0184081213926085	0.229957692616013	0.0380396019357546	0.0238566807070923	0.0601080843351578	0.18086426436572	-0.0038860073776055	-0.0038860073776055	0.0310359601633438	-0.0038860073776055	-0.0038860073776055	-0.0038860073776055	-0.0038860073776055	-0.0038860073776055	-0.0038860073776055	-0.0038860073776055	-0.0038860073776055	-0.0038860073776055	-0.0038860073776055	-0.0038860073776055	-0.0038860073776055	-0.0038860073776055	-0.0038860073776055
ERR260140	0.0367374181025248	0.033499352767835	-0.00398668362638727	-0.00398668362638727	0.0678419499505672	-0.00398668362638727	0.0492545123684002	0.10357720282619	0.108862422415147	-0.00398668362638727	-0.00398668362638727	-0.00398668362638727	-0.00398668362638727	-0.00398668362638727	-0.00398668362638727	-0.00398668362638727	-0.00398668362638727	-0.00398668362638727	0.135729170730213	-0.00398668362638727	0.0679083990352834	-0.00398668362638727	-0.00398668362638727	-0.00398668362638727	-0.00398668362638727	-0.00398668362638727
ERR260144	0.0523706337939166	-0.00352574512598167	-0.00352574512598167	0.0324413152504888	0.22456076959125	0.0465656672907032	-0.00352574512598167	-0.00352574512598167	0.0513527049039854	0.0414906406238761	0.0257665167424644	-0.00352574512598167	-0.00352574512598167	-0.00352574512598167	-0.00352574512598167	-0.00352574512598167	-0.00352574512598167	-0.00352574512598167	-0.00352574512598167	-0.00352574512598167	-0.00352574512598167	-0.00352574512598167	-0.00352574512598167	-0.00352574512598167	-0.00352574512598167	-0.00352574512598167
ERR260149	-0.00356018403616322	-0.00356018403616322	-0.00356018403616322	0.275027156433323	0.0643329229314192	-0.00356018403616322	-0.00356018403616322	0.0171178442984213	0.0689082805735452	0.033158170057368	-0.00356018403616322	-0.00356018403616322	-0.00356018403616322	-0.00356018403616322	-0.00356018403616322	-0.00356018403616322	-0.00356018403616322	-0.00356018403616322	-0.00356018403616322	-0.00356018403616322	-0.00356018403616322	-0.00356018403616322	-0.00356018403616322	-0.00356018403616322	0.0193079359109718	-0.00356018403616322
ERR260151	-0.00336231339625827	-0.00336231339625827	-0.00336231339625827	-0.00336231339625827	-0.00336231339625827	0.0137604517650824	-0.00336231339625827	-0.00336231339625827	0.170837181907778	0.0208179728554329	0.0151589050108253	-0.00336231339625827	-0.00336231339625827	-0.00336231339625827	0.0786804236536967	-0.00336231339625827	-0.00336231339625827	-0.00336231339625827	-0.00336231339625827	-0.00336231339625827	-0.00336231339625827	-0.00336231339625827	-0.00336231339625827	-0.00336231339625827	-0.00336231339625827	-0.00336231339625827
ERR260152	-0.00390926558607103	-0.00390926558607103	-0.00390926558607103	-0.00390926558607103	0.117879956799502	0.089592826066133	0.0308142348638129	0.0353109667978639	0.147388491381219	0.0660976515827253	-0.00390926558607103	-0.00390926558607103	-0.00390926558607103	-0.00390926558607103	-0.00390926558607103	-0.00390926558607103	-0.00390926558607103	-0.00390926558607103	-0.00390926558607103	-0.00390926558607103	-0.00390926558607103	-0.00390926558607103	-0.00390926558607103	-0.00390926558607103	-0.00390926558607103	-0.00390926558607103
ERR260155	0.110065888860131	0.0562430256338702	-0.00335207817542589	-0.00335207817542589	-0.00335207817542589	-0.00335207817542589	0.0840082212670175	-0.00335207817542589	0.0751669153889914	0.0690854137885674	-0.00335207817542589	-0.00335207817542589	-0.00335207817542589	-0.00335207817542589	-0.00335207817542589	-0.00335207817542589	-0.00335207817542589	-0.00335207817542589	-0.00335207817542589	-0.00335207817542589	-0.00335207817542589	-0.00335207817542589	-0.00335207817542589	-0.00335207817542589	-0.00335207817542589	-0.00335207817542589
ERR260159	0.114181605741828	-0.00394359359210986	-0.00394359359210986	-0.00394359359210986	0.107925097870946	0.0352410612187694	0.0348044116985661	-0.00394359359210986	0.0781135145829386	0.0366093087260859	-0.00394359359210986	-0.00394359359210986	-0.00394359359210986	-0.00394359359210986	-0.00394359359210986	-0.00394359359210986	-0.00394359359210986	-0.00394359359210986	0.124933233328776	-0.00394359359210986	0.0469136707481547	-0.00394359359210986	0.0443658836372927	-0.00394359359210986	-0.00394359359210986	-0.00394359359210986
ERR260161	-0.00325880477106075	-0.00325880477106075	-0.00325880477106075	-0.00325880477106075	0.124968169267185	0.0335562285920574	0.0334813343006879	0.0710060122247229	0.0839004279540377	-0.00325880477106075	-0.00325880477106075	-0.00325880477106075	-0.00325880477106075	-0.00325880477106075	-0.00325880477106075	-0.00325880477106075	-0.00325880477106075	-0.00325880477106075	-0.00325880477106075	-0.00325880477106075	-0.00325880477106075	-0.00325880477106075	-0.00325880477106075	-0.00325880477106075	-0.00325880477106075	-0.00325880477106075
ERR260162	-0.00292327805658456	-0.00292327805658456	-0.00292327805658456	0.0606861553626267	0.143403157763705	-0.00292327805658456	-0.00292327805658456	0.0266347474856291	-0.00292327805658456	0.0334758620468596	0.0255864303891312	-0.00292327805658456	-0.00292327805658456	-0.00292327805658456	-0.00292327805658456	-0.00292327805658456	-0.00292327805658456	-0.00292327805658456	-0.00292327805658456	-0.00292327805658456	-0.00292327805658456	-0.00292327805658456	-0.00292327805658456	-0.00292327805658456	-0.00292327805658456	-0.00292327805658456
ERR260165	-0.00386364698622298	0.0302445000138412	-0.00386364698622298	-0.00386364698622298	-0.00386364698622298	-0.00386364698622298	0.052827035262135	0.100539610646301	0.149006785102087	0.084488106297612	0.0215593329673014	-0.00386364698622298	-0.00386364698622298	-0.00386364698622298	-0.00386364698622298	-0.00386364698622298	-0.00386364698622298	-0.00386364698622298	0.0418992730331886	-0.00386364698622298	-0.00386364698622298	-0.00386364698622298	-0.00386364698622298	-0.00386364698622298	-0.00386364698622298	-0.00386364698622298
ERR260166	-0.00382776804458207	-0.00382776804458207	-0.00382776804458207	-0.00382776804458207	0.12716014267051	-0.00382776804458207	-0.00382776804458207	-0.00382776804458207	-0.00382776804458207	0.0241811930366669	-0.00382776804458207	-0.00382776804458207	-0.00382776804458207	-0.00382776804458207	-0.00382776804458207	-0.00382776804458207	-0.00382776804458207	-0.00382776804458207	0.0585631047964667	0.0529847026305962	0.0283806277179338	-0.00382776804458207	-0.00382776804458207	-0.00382776804458207	-0.00382776804458207	0.119906413253379
ERR260167	0.0394619163176189	0.0413807873839845	-0.00408385335687054	-0.00408385335687054	0.172484518896211	-0.00408385335687054	-0.00408385335687054	0.0813709210887189	-0.00408385335687054	-0.00408385335687054	-0.00408385335687054	-0.00408385335687054	-0.00408385335687054	-0.00408385335687054	-0.00408385335687054	-0.00408385335687054	-0.00408385335687054	0.0600561821458449	0.125965860251351	0.0525059099431133	0.0320024333795704	-0.00408385335687054	-0.00408385335687054	-0.00408385335687054	-0.00408385335687054	-0.00408385335687054
ERR260169	-0.00430044360002481	-0.00430044360002481	0.0398124180721255	0.102853862253762	0.0798274468017308	-0.00430044360002481	-0.00430044360002481	0.0244985555010987	-0.00430044360002481	0.0346749510035831	0.024968122352285	-0.00430044360002481	-0.00430044360002481	-0.00430044360002481	-0.00430044360002481	-0.00430044360002481	-0.00430044360002481	-0.00430044360002481	0.114756447025159	-0.00430044360002481	-0.00430044360002481	-0.00430044360002481	-0.00430044360002481	-0.00430044360002481	-0.00430044360002481	-0.00430044360002481
ERR260173	-0.00343212432080153	-0.00343212432080153	-0.00343212432080153	-0.00343212432080153	0.0334811209827026	-0.00343212432080153	0.0322729932849518	-0.00343212432080153	0.0564528357780433	0.0643232484470306	-0.00343212432080153	0.177170455879086	-0.00343212432080153	-0.00343212432080153	-0.00343212432080153	-0.00343212432080153	-0.00343212432080153	-0.00343212432080153	-0.00343212432080153	-0.00343212432080153	0.0298246862206431	-0.00343212432080153	-0.00343212432080153	-0.00343212432080153	-0.00343212432080153	-0.00343212432080153
ERR260174	-0.00330393176896975	-0.00330393176896975	-0.00330393176896975	-0.00330393176896975	-0.00330393176896975	-0.00330393176896975	-0.00330393176896975	-0.00330393176896975	-0.00330393176896975	0.103358835590916	-0.00330393176896975	-0.00330393176896975	-0.00330393176896975	-0.00330393176896975	-0.00330393176896975	-0.00330393176896975	-0.00330393176896975	-0.00330393176896975	-0.00330393176896975	0.014091093696132	-0.00330393176896975	-0.00330393176896975	-0.00330393176896975	0.0403308710941833	-0.00330393176896975	0.0304548730521975
ERR260176	-0.00445355076147124	-0.00445355076147124	-0.00445355076147124	-0.00445355076147124	0.0497295690554664	-0.00445355076147124	-0.00445355076147124	0.0158451299504546	-0.00445355076147124	0.122686460429693	-0.00445355076147124	0.0208026103226875	-0.00445355076147124	-0.00445355076147124	0.227238160705061	-0.00445355076147124	-0.00445355076147124	-0.00445355076147124	-0.00445355076147124	-0.00445355076147124	-0.00445355076147124	-0.00445355076147124	-0.00445355076147124	-0.00445355076147124	-0.00445355076147124	-0.00445355076147124
ERR260178	0.0544926862107596	-0.00291566305939365	0.0268279764676192	-0.00291566305939365	0.022231870429017	-0.00291566305939365	-0.00291566305939365	-0.00291566305939365	0.0643087790109304	0.153831642615131	0.0619561150419065	0.0248319854698923	-0.00291566305939365	-0.00291566305939365	-0.00291566305939365	-0.00291566305939365	-0.00291566305939365	-0.00291566305939365	0.0229894824084629	0.0292042257304776	-0.00291566305939365	-0.00291566305939365	-0.00291566305939365	-0.00291566305939365	-0.00291566305939365	-0.00291566305939365
ERR260179	0.039022384199791	-0.00346778614115403	-0.00346778614115403	-0.00346778614115403	0.143546058382752	0.0366436840164397	-0.00346778614115403	-0.00346778614115403	-0.00346778614115403	0.156476080726867	-0.00346778614115403	-0.00346778614115403	0.056939400273211	-0.00346778614115403	-0.00346778614115403	-0.00346778614115403	-0.00346778614115403	-0.00346778614115403	-0.00346778614115403	-0.00346778614115403	-0.00346778614115403	-0.00346778614115403	-0.00346778614115403	-0.00346778614115403	0.0164256213481047	-0.00346778614115403
ERR260181	0.0517236810681028	-0.00369768609053192	-0.00369768609053192	-0.00369768609053192	-0.00369768609053192	0.0290806850539855	-0.00369768609053192	0.0387422628353011	-0.00369768609053192	0.106783198077332	-0.00369768609053192	-0.00369768609053192	-0.00369768609053192	-0.00369768609053192	-0.00369768609053192	-0.00369768609053192	-0.00369768609053192	0.0284317897190957	0.0510013671108508	-0.00369768609053192	-0.00369768609053192	-0.00369768609053192	-0.00369768609053192	-0.00369768609053192	-0.00369768609053192	-0.00369768609053192
ERR260182	0.0599783894100657	-0.00276032554761182	-0.00276032554761182	-0.00276032554761182	-0.00276032554761182	0.0230013739022824	0.0285524715258252	-0.00276032554761182	-0.00276032554761182	0.0330303772245766	0.052812025604074	-0.00276032554761182	-0.00276032554761182	-0.00276032554761182	0.0984858377585353	-0.00276032554761182	-0.00276032554761182	-0.00276032554761182	-0.00276032554761182	-0.00276032554761182	-0.00276032554761182	-0.00276032554761182	-0.00276032554761182	-0.00276032554761182	0.0316481542849439	-0.00276032554761182
ERR260185	-0.00275521387062634	0.064203189488795	-0.00275521387062634	-0.00275521387062634	-0.00275521387062634	-0.00275521387062634	0.0402335834360168	0.0493665372518565	0.0426059350830411	0.0461949375001708	-0.00275521387062634	0.0398765021154558	-0.00275521387062634	-0.00275521387062634	-0.00275521387062634	-0.00275521387062634	-0.00275521387062634	-0.00275521387062634	-0.00275521387062634	-0.00275521387062634	-0.00275521387062634	-0.00275521387062634	-0.00275521387062634	-0.00275521387062634	-0.00275521387062634	-0.00275521387062634
ERR260186	-0.00256215198151707	-0.00256215198151707	-0.00256215198151707	0.0513546579775446	-0.00256215198151707	0.0361992249237899	0.0159201923598645	-0.00256215198151707	0.116147565283915	0.0698547840333443	0.0165758427306449	-0.00256215198151707	-0.00256215198151707	-0.00256215198151707	-0.00256215198151707	-0.00256215198151707	-0.00256215198151707	-0.00256215198151707	-0.00256215198151707	-0.00256215198151707	-0.00256215198151707	-0.00256215198151707	-0.00256215198151707	-0.00256215198151707	-0.00256215198151707	0.0425886357794878
ERR260188	0.0404528294757001	-0.00424516364746816	0.0360371972967759	-0.00424516364746816	0.218672762215234	-0.00424516364746816	-0.00424516364746816	-0.00424516364746816	0.0872297618714608	0.0336223266202832	0.043399868918495	-0.00424516364746816	-0.00424516364746816	-0.00424516364746816	0.17072443360086	-0.00424516364746816	-0.00424516364746816	-0.00424516364746816	-0.00424516364746816	-0.00424516364746816	-0.00424516364746816	-0.00424516364746816	-0.00424516364746816	-0.00424516364746816	-0.00424516364746816	0.0131714822025912
ERR260189	0.0695458307774773	-0.00324820711399403	-0.00324820711399403	-0.00324820711399403	0.142641876311552	0.023810287495905	0.0282212928533548	0.0607425077551182	0.0743487429003297	-0.00324820711399403	-0.00324820711399403	0.0361039397091963	-0.00324820711399403	-0.00324820711399403	-0.00324820711399403	-0.00324820711399403	-0.00324820711399403	-0.00324820711399403	-0.00324820711399403	-0.00324820711399403	-0.00324820711399403	-0.00324820711399403	-0.00324820711399403	-0.00324820711399403	-0.00324820711399403	-0.00324820711399403
ERR260190	-0.00162031053576147	0.042135296731711	-0.00162031053576147	-0.00162031053576147	-0.00162031053576147	-0.00162031053576147	-0.00162031053576147	0.0325056192985913	-0.00162031053576147	0.0206164107720634	-0.00162031053576147	-0.00162031053576147	-0.00162031053576147	0.0294836080780573	-0.00162031053576147	-0.00162031053576147	-0.00162031053576147	-0.00162031053576147	-0.00162031053576147	-0.00162031053576147	-0.00162031053576147	-0.00162031053576147	-0.00162031053576147	-0.00162031053576147	0.0218012507085458	-0.00162031053576147
ERR260191	0.0700673826115308	-0.00392165389819919	-0.00392165389819919	-0.00392165389819919	0.322093237645568	0.0201794667221113	0.0218579774292723	0.030610102490104	-0.00392165389819919	0.0354783701010083	-0.00392165389819919	0.0790165807650024	-0.00392165389819919	-0.00392165389819919	-0.00392165389819919	-0.00392165389819919	-0.00392165389819919	-0.00392165389819919	-0.00392165389819919	-0.00392165389819919	-0.00392165389819919	-0.00392165389819919	-0.00392165389819919	-0.00392165389819919	-0.00392165389819919	-0.00392165389819919
ERR260192	-0.00398900946306329	-0.00398900946306329	-0.00398900946306329	0.105419501993315	0.0476875564665653	-0.00398900946306329	0.0227597317477798	-0.00398900946306329	0.124719898652764	0.132734408224526	-0.00398900946306329	0.0420525235354502	-0.00398900946306329	-0.00398900946306329	-0.00398900946306329	-0.00398900946306329	-0.00398900946306329	-0.00398900946306329	-0.00398900946306329	-0.00398900946306329	-0.00398900946306329	-0.00398900946306329	-0.00398900946306329	-0.00398900946306329	-0.00398900946306329	-0.00398900946306329
ERR260194	0.0432494782136219	0.0579828698264025	-0.00387186567809886	-0.00387186567809886	0.156619810329202	0.0586894207686434	0.0516467544346947	0.0463565018761013	0.103468389002567	0.0405530704459526	-0.00387186567809886	-0.00387186567809886	-0.00387186567809886	-0.00387186567809886	-0.00387186567809886	-0.00387186567809886	-0.00387186567809886	-0.00387186567809886	-0.00387186567809886	-0.00387186567809886	-0.00387186567809886	-0.00387186567809886	-0.00387186567809886	-0.00387186567809886	-0.00387186567809886	-0.00387186567809886
ERR260196	-0.00262609993395893	-0.00262609993395893	-0.00262609993395893	0.0342583285380462	-0.00262609993395893	-0.00262609993395893	-0.00262609993395893	0.0401902565237789	-0.00262609993395893	0.0747818783479191	-0.00262609993395893	-0.00262609993395893	-0.00262609993395893	-0.00262609993395893	-0.00262609993395893	-0.00262609993395893	-0.00262609993395893	-0.00262609993395893	0.0309737495675315	-0.00262609993395893	-0.00262609993395893	-0.00262609993395893	-0.00262609993395893	-0.00262609993395893	-0.00262609993395893	-0.00262609993395893
ERR260198	0.0566291535893474	-0.00328283789581118	-0.00328283789581118	-0.00328283789581118	0.0478158975663791	-0.00328283789581118	0.0383320262202577	0.0638540857182077	0.0346097821937079	0.118625012337522	-0.00328283789581118	-0.00328283789581118	-0.00328283789581118	-0.00328283789581118	-0.00328283789581118	-0.00328283789581118	-0.00328283789581118	-0.00328283789581118	0.0937839799342895	-0.00328283789581118	-0.00328283789581118	-0.00328283789581118	-0.00328283789581118	-0.00328283789581118	-0.00328283789581118	-0.00328283789581118
ERR260199	-0.00314610565986603	-0.00314610565986603	-0.00314610565986603	0.0770472060569276	-0.00314610565986603	-0.00314610565986603	-0.00314610565986603	-0.00314610565986603	0.105756728572771	0.0703584130238589	-0.00314610565986603	0.0700945047300871	0.0455290995210822	-0.00314610565986603	-0.00314610565986603	-0.00314610565986603	-0.00314610565986603	-0.00314610565986603	-0.00314610565986603	-0.00314610565986603	-0.00314610565986603	-0.00314610565986603	-0.00314610565986603	-0.00314610565986603	-0.00314610565986603	0.0290470876021967
ERR260201	-0.00480759787358571	0.0755242372293562	-0.00480759787358571	-0.00480759787358571	0.15246705440936	-0.00480759787358571	-0.00480759787358571	0.129875381420405	0.143295115533686	-0.00480759787358571	-0.00480759787358571	-0.00480759787358571	-0.00480759787358571	-0.00480759787358571	-0.00480759787358571	-0.00480759787358571	-0.00480759787358571	-0.00480759787358571	0.0248795456464275	-0.00480759787358571	-0.00480759787358571	-0.00480759787358571	-0.00480759787358571	-0.00480759787358571	-0.00480759787358571	0.181559929597825
ERR260202	0.0812895627843697	-0.00332121841284733	-0.00332121841284733	-0.00332121841284733	0.0972125673030664	-0.00332121841284733	0.0428400647034109	-0.00332121841284733	0.0837438821336463	0.0688170079218303	-0.00332121841284733	0.0384800085028304	-0.00332121841284733	-0.00332121841284733	0.0271012883983998	-0.00332121841284733	-0.00332121841284733	-0.00332121841284733	-0.00332121841284733	0.0289723845392317	-0.00332121841284733	-0.00332121841284733	-0.00332121841284733	-0.00332121841284733	-0.00332121841284733	-0.00332121841284733
ERR260203	-0.0035784517074965	-0.0035784517074965	-0.0035784517074965	0.116073059482987	-0.0035784517074965	-0.0035784517074965	-0.0035784517074965	0.0298713145952071	0.0632498521256039	0.0572419156554111	0.0428203793121101	-0.0035784517074965	-0.0035784517074965	0.0911059869070933	-0.0035784517074965	-0.0035784517074965	-0.0035784517074965	-0.0035784517074965	-0.0035784517074965	0.0275984581672263	-0.0035784517074965	-0.0035784517074965	-0.0035784517074965	-0.0035784517074965	-0.0035784517074965	0.0641864528031887
ERR260206	-0.0020634204439857	-0.0020634204439857	-0.0020634204439857	-0.0020634204439857	0.022953627316482	-0.0020634204439857	0.0189876429177617	-0.0020634204439857	0.0427846983499501	0.0832206656372374	-0.0020634204439857	-0.0020634204439857	-0.0020634204439857	-0.0020634204439857	-0.0020634204439857	-0.0020634204439857	-0.0020634204439857	-0.0020634204439857	-0.0020634204439857	0.0314663221192535	-0.0020634204439857	-0.0020634204439857	-0.0020634204439857	-0.0020634204439857	-0.0020634204439857	-0.0020634204439857
ERR260207	0.0774943102531215	-0.00397018619955809	-0.00397018619955809	-0.00397018619955809	0.10937814177167	-0.00397018619955809	0.0335776862278696	0.0377316771225899	0.122883585659223	0.101594508612286	-0.00397018619955809	-0.00397018619955809	-0.00397018619955809	-0.00397018619955809	-0.00397018619955809	-0.00397018619955809	-0.00397018619955809	-0.00397018619955809	-0.00397018619955809	-0.00397018619955809	-0.00397018619955809	-0.00397018619955809	-0.00397018619955809	-0.00397018619955809	-0.00397018619955809	-0.00397018619955809
ERR260208	-0.00316825503849216	-0.00316825503849216	0.0439143568548976	-0.00316825503849216	-0.00316825503849216	-0.00316825503849216	0.0292922555026448	0.0701268153715466	0.0337030658374006	0.0707576291096436	0.0396499217834977	-0.00316825503849216	-0.00316825503849216	-0.00316825503849216	-0.00316825503849216	-0.00316825503849216	-0.00316825503849216	-0.00316825503849216	0.0614140776393395	-0.00316825503849216	-0.00316825503849216	-0.00316825503849216	-0.00316825503849216	-0.00316825503849216	-0.00316825503849216	-0.00316825503849216
ERR260210	0.0265900965780688	-0.00365138520611941	-0.00365138520611941	0.105048747716965	0.12074970275184	-0.00365138520611941	-0.00365138520611941	-0.00365138520611941	0.141552246026256	0.0253539629370826	-0.00365138520611941	0.104245610863702	0.0143150475122235	-0.00365138520611941	-0.00365138520611941	-0.00365138520611941	-0.00365138520611941	-0.00365138520611941	-0.00365138520611941	0.0229483832156424	-0.00365138520611941	-0.00365138520611941	-0.00365138520611941	-0.00365138520611941	-0.00365138520611941	-0.00365138520611941
ERR260213	-0.00292225105816431	-0.00292225105816431	0.0309367097105372	-0.00292225105816431	0.111067822626176	-0.00292225105816431	-0.00292225105816431	0.0441778190398786	0.0531648446809776	0.0527855500405748	-0.00292225105816431	-0.00292225105816431	-0.00292225105816431	-0.00292225105816431	-0.00292225105816431	-0.00292225105816431	-0.00292225105816431	-0.00292225105816431	-0.00292225105816431	-0.00292225105816431	-0.00292225105816431	-0.00292225105816431	-0.00292225105816431	-0.00292225105816431	-0.00292225105816431	0.0292878876514196
ERR260214	-0.00403450294635251	0.0225899010694525	-0.00403450294635251	-0.00403450294635251	0.0954668814764404	-0.00403450294635251	-0.00403450294635251	-0.00403450294635251	-0.00403450294635251	-0.00403450294635251	-0.00403450294635251	-0.00403450294635251	0.0329915922551981	-0.00403450294635251	-0.00403450294635251	-0.00403450294635251	-0.00403450294635251	-0.00403450294635251	-0.00403450294635251	-0.00403450294635251	-0.00403450294635251	-0.00403450294635251	-0.00403450294635251	-0.00403450294635251	-0.00403450294635251	0.214135098764448
ERR260229	0.0319609592671923	-0.00446527604433091	-0.00446527604433091	-0.00446527604433091	0.0433545127012167	-0.00446527604433091	-0.00446527604433091	0.123927059216205	0.0469475412000783	-0.00446527604433091	-0.00446527604433091	-0.00446527604433091	-0.00446527604433091	0.0327117155165676	-0.00446527604433091	-0.00446527604433091	-0.00446527604433091	0.0667012313834612	0.258526483814433	-0.00446527604433091	-0.00446527604433091	-0.00446527604433091	-0.00446527604433091	-0.00446527604433091	-0.00446527604433091	0.0717317696178599
ERR260235	0.0747893420505474	-0.00379870812159534	-0.00379870812159534	-0.00379870812159534	-0.00379870812159534	-0.00379870812159534	0.0615236619760953	0.104280508517303	-0.00379870812159534	0.0600672431415554	-0.00379870812159534	-0.00379870812159534	0.0401268812617942	-0.00379870812159534	-0.00379870812159534	-0.00379870812159534	-0.00379870812159534	-0.00379870812159534	-0.00379870812159534	-0.00379870812159534	-0.00379870812159534	-0.00379870812159534	-0.00379870812159534	-0.00379870812159534	-0.00379870812159534	0.060577924912804
ERR260238	0.0342738836533722	0.0198167270124238	-0.00443891207014882	-0.00443891207014882	0.295307838584673	0.0291102675297842	-0.00443891207014882	0.0235282358118534	0.0880146460181858	-0.00443891207014882	-0.00443891207014882	-0.00443891207014882	-0.00443891207014882	0.1199100760203	-0.00443891207014882	-0.00443891207014882	-0.00443891207014882	-0.00443891207014882	-0.00443891207014882	0.0416623067907069	-0.00443891207014882	-0.00443891207014882	-0.00443891207014882	-0.00443891207014882	-0.00443891207014882	-0.00443891207014882
ERR260239	-0.00264851882554571	-0.00264851882554571	-0.00264851882554571	-0.00264851882554571	0.112905367455822	0.0403510071513037	-0.00264851882554571	-0.00264851882554571	-0.00264851882554571	0.0339468279905426	0.0278152136489251	-0.00264851882554571	-0.00264851882554571	0.0314109170524357	0.0318735769394867	-0.00264851882554571	0.0544547101584134	-0.00264851882554571	-0.00264851882554571	-0.00264851882554571	-0.00264851882554571	-0.00264851882554571	-0.00264851882554571	-0.00264851882554571	-0.00264851882554571	-0.00264851882554571
ERR260240	0.0431274947088204	-0.00413884235893597	-0.00413884235893597	-0.00413884235893597	0.127475213349345	-0.00413884235893597	0.0539062671390896	0.162015222022842	0.0908567425110458	0.0359689771990804	-0.00413884235893597	-0.00413884235893597	-0.00413884235893597	-0.00413884235893597	-0.00413884235893597	-0.00413884235893597	-0.00413884235893597	-0.00413884235893597	0.033289399893188	-0.00413884235893597	-0.00413884235893597	-0.00413884235893597	-0.00413884235893597	-0.00413884235893597	-0.00413884235893597	-0.00413884235893597
ERR260241	-0.00360842290847251	0.0196520426975783	-0.00360842290847251	-0.00360842290847251	-0.00360842290847251	-0.00360842290847251	0.0115003623898023	-0.00360842290847251	0.201674166855995	-0.00360842290847251	-0.00360842290847251	-0.00360842290847251	-0.00360842290847251	-0.00360842290847251	-0.00360842290847251	-0.00360842290847251	-0.00360842290847251	-0.00360842290847251	-0.00360842290847251	-0.00360842290847251	-0.00360842290847251	-0.00360842290847251	-0.00360842290847251	-0.00360842290847251	-0.00360842290847251	0.0936498581138682
ERR260261	0.0387411158316201	0.0226909809811246	-0.00349466282470154	-0.00349466282470154	0.191432113326649	-0.00349466282470154	-0.00349466282470154	-0.00349466282470154	0.0671160725477329	-0.00349466282470154	-0.00349466282470154	-0.00349466282470154	-0.00349466282470154	-0.00349466282470154	-0.00349466282470154	0.0192930145769633	-0.00349466282470154	-0.00349466282470154	0.0626171824890448	-0.00349466282470154	0.0861605577949502	-0.00349466282470154	-0.00349466282470154	-0.00349466282470154	-0.00349466282470154	-0.00349466282470154
ERR260270	0.0368735472743947	-0.00340295449173737	-0.00340295449173737	-0.00340295449173737	0.0239602352723384	-0.00340295449173737	0.0423115322463966	-0.00340295449173737	0.0841322602709256	0.101240804357288	-0.00340295449173737	-0.00340295449173737	-0.00340295449173737	-0.00340295449173737	-0.00340295449173737	-0.00340295449173737	-0.00340295449173737	-0.00340295449173737	0.135428119977688	-0.00340295449173737	-0.00340295449173737	-0.00340295449173737	-0.00340295449173737	-0.00340295449173737	-0.00340295449173737	0.0296152938530606
ERR260271	0.0529275440854659	-0.00270988586692758	-0.00270988586692758	0.0670555138099328	-0.00270988586692758	0.0441371535625822	0.0309662537386953	-0.00270988586692758	-0.00270988586692758	0.13039429051373	0.039224641559028	-0.00270988586692758	-0.00270988586692758	-0.00270988586692758	-0.00270988586692758	-0.00270988586692758	-0.00270988586692758	-0.00270988586692758	-0.00270988586692758	-0.00270988586692758	-0.00270988586692758	-0.00270988586692758	-0.00270988586692758	-0.00270988586692758	-0.00270988586692758	-0.00270988586692758
ERR260273	0.0495357579285123	-0.00317717829055048	-0.00317717829055048	-0.00317717829055048	-0.00317717829055048	0.0328003969561894	0.0416836571203179	0.0371536876458032	-0.00317717829055048	0.188643287348975	-0.00317717829055048	0.0275340664301054	0.0227139353226572	-0.00317717829055048	-0.00317717829055048	-0.00317717829055048	-0.00317717829055048	-0.00317717829055048	-0.00317717829055048	-0.00317717829055048	-0.00317717829055048	-0.00317717829055048	-0.00317717829055048	-0.00317717829055048	-0.00317717829055048	-0.00317717829055048
ERR260274	-0.00386440944271167	-0.00386440944271167	-0.00386440944271167	-0.00386440944271167	0.0459813878261794	-0.00386440944271167	0.0439099055933292	0.0725800167894326	0.0230384416967131	0.0212198337674499	0.0470297302932191	-0.00386440944271167	-0.00386440944271167	-0.00386440944271167	-0.00386440944271167	-0.00386440944271167	-0.00386440944271167	-0.00386440944271167	0.0495858320610013	-0.00386440944271167	-0.00386440944271167	-0.00386440944271167	-0.00386440944271167	-0.00386440944271167	-0.00386440944271167	-0.00386440944271167
ERR260276	-0.00391633212327839	0.0455166729986738	-0.00391633212327839	-0.00391633212327839	0.117840132332327	-0.00391633212327839	0.0632018899726724	-0.00391633212327839	-0.00391633212327839	-0.00391633212327839	-0.00391633212327839	-0.00391633212327839	-0.00391633212327839	0.0811461553476081	-0.00391633212327839	0.0433886344479138	-0.00391633212327839	-0.00391633212327839	0.0722780262978635	-0.00391633212327839	0.0224594485105298	-0.00391633212327839	-0.00391633212327839	-0.00391633212327839	-0.00391633212327839	-0.00391633212327839
ERR275252	-0.00349250113747844	-0.00349250113747844	0.065212795670505	-0.00349250113747844	0.149232877716469	0.0282815156065878	-0.00349250113747844	0.0649305280201683	-0.00349250113747844	0.0725045569977814	-0.00349250113747844	-0.00349250113747844	-0.00349250113747844	-0.00349250113747844	-0.00349250113747844	-0.00349250113747844	-0.00349250113747844	-0.00349250113747844	0.0508594059217418	-0.00349250113747844	-0.00349250113747844	-0.00349250113747844	-0.00349250113747844	-0.00349250113747844	-0.00349250113747844	-0.00349250113747844
SRR1778452	-0.0030407364291225	0.0651189080205748	-0.0030407364291225	-0.0030407364291225	-0.0030407364291225	-0.0030407364291225	-0.0030407364291225	-0.0030407364291225	0.0284642290600258	-0.0030407364291225	-0.0030407364291225	-0.0030407364291225	-0.0030407364291225	0.0679379087701465	-0.0030407364291225	-0.0030407364291225	-0.0030407364291225	-0.0030407364291225	-0.0030407364291225	-0.0030407364291225	-0.0030407364291225	-0.0030407364291225	-0.0030407364291225	-0.0030407364291225	-0.0030407364291225	-0.0030407364291225
SRR1778453	-0.00419714813346412	-0.00419714813346412	-0.00419714813346412	-0.00419714813346412	-0.00419714813346412	-0.00419714813346412	-0.00419714813346412	-0.00419714813346412	-0.00419714813346412	-0.00419714813346412	-0.00419714813346412	-0.00419714813346412	0.0304751597666439	-0.00419714813346412	-0.00419714813346412	-0.00419714813346412	-0.00419714813346412	-0.00419714813346412	-0.00419714813346412	-0.00419714813346412	0.109750095826684	-0.00419714813346412	-0.00419714813346412	-0.00419714813346412	-0.00419714813346412	-0.00419714813346412
SRR341581	-0.0035914329791127	-0.0035914329791127	-0.0035914329791127	-0.0035914329791127	-0.0035914329791127	-0.0035914329791127	-0.0035914329791127	-0.0035914329791127	-0.0035914329791127	-0.0035914329791127	-0.0035914329791127	-0.0035914329791127	-0.0035914329791127	0.0148761859427486	-0.0035914329791127	-0.0035914329791127	0.104412386072114	0.112707835772723	0.0554104140266962	0.0589559509097184	-0.0035914329791127	-0.0035914329791127	0.187436281665736	-0.0035914329791127	-0.0035914329791127	-0.0035914329791127
SRR341582	-0.00390637051683943	-0.00390637051683943	-0.00390637051683943	-0.00390637051683943	0.209276537891033	-0.00390637051683943	-0.00390637051683943	-0.00390637051683943	0.050612401420666	0.0987639297543565	-0.00390637051683943	-0.00390637051683943	-0.00390637051683943	0.0449282688540323	-0.00390637051683943	-0.00390637051683943	0.0312379685785388	-0.00390637051683943	0.0365849773458339	-0.00390637051683943	0.0232555809890237	-0.00390637051683943	0.126453247343984	-0.00390637051683943	-0.00390637051683943	-0.00390637051683943
SRR341583	-0.00384469016186068	-0.00384469016186068	-0.00384469016186068	-0.00384469016186068	0.0544944985112474	-0.00384469016186068	-0.00384469016186068	-0.00384469016186068	-0.00384469016186068	0.0814627192325484	-0.00384469016186068	-0.00384469016186068	-0.00384469016186068	-0.00384469016186068	0.319245548451808	-0.00384469016186068	-0.00384469016186068	-0.00384469016186068	-0.00384469016186068	-0.00384469016186068	-0.00384469016186068	-0.00384469016186068	-0.00384469016186068	-0.00384469016186068	0.0230318773253615	0.0177236322787246
SRR341584	-0.00416109377665253	-0.00416109377665253	0.0233505659540996	-0.00416109377665253	-0.00416109377665253	-0.00416109377665253	-0.00416109377665253	-0.00416109377665253	-0.00416109377665253	0.0293497915988861	0.0359564286614043	-0.00416109377665253	-0.00416109377665253	-0.00416109377665253	0.325462026821248	0.0391063242567213	-0.00416109377665253	-0.00416109377665253	-0.00416109377665253	0.0267122809289707	-0.00416109377665253	0.100081797571728	-0.00416109377665253	0.0391927010307308	-0.00416109377665253	-0.00416109377665253
SRR341585	-0.00350507389851829	0.0453397554434126	-0.00350507389851829	-0.00350507389851829	0.0778549810765301	-0.00350507389851829	-0.00350507389851829	-0.00350507389851829	-0.00350507389851829	0.0699330096442075	-0.00350507389851829	-0.00350507389851829	-0.00350507389851829	-0.00350507389851829	-0.00350507389851829	0.028049211769148	-0.00350507389851829	-0.00350507389851829	-0.00350507389851829	-0.00350507389851829	-0.00350507389851829	-0.00350507389851829	-0.00350507389851829	-0.00350507389851829	-0.00350507389851829	-0.00350507389851829
SRR341586	-0.00317858214982677	0.0319677844222046	-0.00317858214982677	-0.00317858214982677	0.0217355668751463	-0.00317858214982677	-0.00317858214982677	-0.00317858214982677	-0.00317858214982677	0.021177681198553	-0.00317858214982677	-0.00317858214982677	-0.00317858214982677	0.0584562586353184	-0.00317858214982677	-0.00317858214982677	-0.00317858214982677	-0.00317858214982677	0.0676226931887557	-0.00317858214982677	0.0738407906183122	-0.00317858214982677	-0.00317858214982677	-0.00317858214982677	0.112401139102204	-0.00317858214982677
SRR341587	-0.00447968917519043	-0.00447968917519043	-0.00447968917519043	-0.00447968917519043	-0.00447968917519043	-0.00447968917519043	-0.00447968917519043	-0.00447968917519043	-0.00447968917519043	-0.00447968917519043	0.100625994015601	-0.00447968917519043	-0.00447968917519043	0.0230125130994833	-0.00447968917519043	-0.00447968917519043	0.112364238991092	0.210851827500137	-0.00447968917519043	0.0555665065616003	0.0549048228463788	-0.00447968917519043	0.0501047982898572	-0.00447968917519043	-0.00447968917519043	-0.00447968917519043
SRR341588	-0.00489667621844357	-0.00489667621844357	-0.00489667621844357	-0.00489667621844357	-0.00489667621844357	-0.00489667621844357	-0.00489667621844357	-0.00489667621844357	-0.00489667621844357	-0.00489667621844357	-0.00489667621844357	-0.00489667621844357	-0.00489667621844357	0.0820730915722022	-0.00489667621844357	0.0719245403278676	0.0439517719667279	-0.00489667621844357	-0.00489667621844357	0.12532336492829	-0.00489667621844357	-0.00489667621844357	0.128098947907766	-0.00489667621844357	-0.00489667621844357	-0.00489667621844357
SRR341589	-0.00332750429315193	-0.00332750429315193	-0.00332750429315193	-0.00332750429315193	-0.00332750429315193	-0.00332750429315193	-0.00332750429315193	-0.00332750429315193	-0.00332750429315193	0.0681353010609253	-0.00332750429315193	-0.00332750429315193	-0.00332750429315193	-0.00332750429315193	0.111659626461214	-0.00332750429315193	-0.00332750429315193	-0.00332750429315193	0.0574053469603838	-0.00332750429315193	-0.00332750429315193	-0.00332750429315193	-0.00332750429315193	-0.00332750429315193	-0.00332750429315193	-0.00332750429315193
SRR341599	-0.00302464921836408	-0.00302464921836408	-0.00302464921836408	-0.00302464921836408	0.0642105451254232	-0.00302464921836408	-0.00302464921836408	-0.00302464921836408	-0.00302464921836408	0.0490794463810293	-0.00302464921836408	-0.00302464921836408	-0.00302464921836408	-0.00302464921836408	-0.00302464921836408	-0.00302464921836408	-0.00302464921836408	0.0256938971944837	0.0179583595847519	-0.00302464921836408	-0.00302464921836408	-0.00302464921836408	-0.00302464921836408	0.0398509152829476	0.200398527416827	-0.00302464921836408
SRR341600	-0.00474175666329005	-0.00474175666329005	-0.00474175666329005	-0.00474175666329005	-0.00474175666329005	-0.00474175666329005	-0.00474175666329005	-0.00474175666329005	-0.00474175666329005	-0.00474175666329005	-0.00474175666329005	-0.00474175666329005	-0.00474175666329005	0.0284852608987326	-0.00474175666329005	-0.00474175666329005	0.0305035650821769	0.00828828246185001	-0.00474175666329005	0.0115832621284547	-0.00474175666329005	-0.00474175666329005	0.239916680685269	0.144661385706795	-0.00474175666329005	-0.00474175666329005
SRR341601	-0.00354714499224349	-0.00354714499224349	-0.00354714499224349	-0.00354714499224349	-0.00354714499224349	-0.00354714499224349	-0.00354714499224349	-0.00354714499224349	-0.00354714499224349	0.0372830414944574	-0.00354714499224349	0.082936926329519	0.0347080060020479	-0.00354714499224349	-0.00354714499224349	0.0300807459084102	-0.00354714499224349	-0.00354714499224349	0.0562422104392688	-0.00354714499224349	-0.00354714499224349	-0.00354714499224349	-0.00354714499224349	-0.00354714499224349	0.0985833597923645	-0.00354714499224349
SRR341602	-0.00353818019418	0.0258529380862822	-0.00353818019418	-0.00353818019418	-0.00353818019418	-0.00353818019418	-0.00353818019418	-0.00353818019418	-0.00353818019418	-0.00353818019418	-0.00353818019418	0.0320689927488785	-0.00353818019418	0.214745581448377	-0.00353818019418	-0.00353818019418	-0.00353818019418	-0.00353818019418	-0.00353818019418	-0.00353818019418	-0.00353818019418	0.0298379868244828	-0.00353818019418	-0.00353818019418	0.0181354407992151	-0.00353818019418
SRR341603	-0.00326879381350848	-0.00326879381350848	0.0200561522398947	-0.00326879381350848	-0.00326879381350848	-0.00326879381350848	-0.00326879381350848	-0.00326879381350848	-0.00326879381350848	0.0558816124692333	-0.00326879381350848	-0.00326879381350848	-0.00326879381350848	-0.00326879381350848	0.066927193639093	-0.00326879381350848	-0.00326879381350848	-0.00326879381350848	-0.00326879381350848	0.0421278092114917	0.028974944448575	0.120341673775491	-0.00326879381350848	0.0796699930943376	-0.00326879381350848	-0.00326879381350848
SRR341604	-0.00487126150499658	-0.00487126150499658	-0.00487126150499658	-0.00487126150499658	-0.00487126150499658	-0.00487126150499658	-0.00487126150499658	-0.00487126150499658	-0.00487126150499658	-0.00487126150499658	-0.00487126150499658	-0.00487126150499658	-0.00487126150499658	0.0548495166736954	-0.00487126150499658	-0.00487126150499658	-0.00487126150499658	-0.00487126150499658	-0.00487126150499658	-0.00487126150499658	0.0671872261751722	-0.00487126150499658	-0.00487126150499658	-0.00487126150499658	-0.00487126150499658	-0.00487126150499658
SRR341605	-0.00315265816253317	0.0262752617278821	-0.00315265816253317	-0.00315265816253317	-0.00315265816253317	-0.00315265816253317	-0.00315265816253317	-0.00315265816253317	-0.00315265816253317	0.0158887971628085	0.0288838487311844	-0.00315265816253317	-0.00315265816253317	-0.00315265816253317	-0.00315265816253317	-0.00315265816253317	-0.00315265816253317	0.017331011681319	-0.00315265816253317	-0.00315265816253317	0.0871865504480096	-0.00315265816253317	-0.00315265816253317	0.205409093586026	0.0438519127837434	-0.00315265816253317
SRR341606	-0.00413330943265768	-0.00413330943265768	-0.00413330943265768	-0.00413330943265768	-0.00413330943265768	-0.00413330943265768	-0.00413330943265768	-0.00413330943265768	0.0383443057909629	0.0294740823155674	0.0547791651429026	-0.00413330943265768	0.0284979524331123	-0.00413330943265768	-0.00413330943265768	-0.00413330943265768	-0.00413330943265768	-0.00413330943265768	-0.00413330943265768	-0.00413330943265768	-0.00413330943265768	0.247349660199912	-0.00413330943265768	-0.00413330943265768	-0.00413330943265768	-0.00413330943265768
SRR341654	-0.00430807181284623	-0.00430807181284623	-0.00430807181284623	-0.00430807181284623	-0.00430807181284623	-0.00430807181284623	-0.00430807181284623	-0.00430807181284623	-0.00430807181284623	-0.00430807181284623	-0.00430807181284623	-0.00430807181284623	0.0450926678222051	0.296872978086261	-0.00430807181284623	-0.00430807181284623	0.057254745055062	-0.00430807181284623	-0.00430807181284623	-0.00430807181284623	-0.00430807181284623	-0.00430807181284623	-0.00430807181284623	-0.00430807181284623	0.0482412084940659	0.137107285526828
SRR341655	-0.00400020798861768	-0.00400020798861768	-0.00400020798861768	-0.00400020798861768	-0.00400020798861768	-0.00400020798861768	-0.00400020798861768	-0.00400020798861768	0.0822682180813135	-0.00400020798861768	-0.00400020798861768	-0.00400020798861768	-0.00400020798861768	0.165866609537745	-0.00400020798861768	-0.00400020798861768	-0.00400020798861768	-0.00400020798861768	-0.00400020798861768	0.100663364860981	0.0213439971472644	-0.00400020798861768	-0.00400020798861768	-0.00400020798861768	-0.00400020798861768	-0.00400020798861768
SRR341656	-0.00375174247337868	-0.00375174247337868	-0.00375174247337868	-0.00375174247337868	-0.00375174247337868	-0.00375174247337868	-0.00375174247337868	-0.00375174247337868	0.1265490624175	0.0387173428477821	-0.00375174247337868	-0.00375174247337868	0.03604111466662	-0.00375174247337868	-0.00375174247337868	0.117663798749965	-0.00375174247337868	-0.00375174247337868	0.0504060852183271	0.0420405038562108	-0.00375174247337868	0.0940525970542844	0.0317910616104237	-0.00375174247337868	0.0555137443727176	-0.00375174247337868
SRR341657	-0.00387302982250619	-0.00387302982250619	-0.00387302982250619	-0.00387302982250619	-0.00387302982250619	0.00819653900722583	-0.00387302982250619	-0.00387302982250619	0.0523429233742315	-0.00387302982250619	-0.00387302982250619	-0.00387302982250619	-0.00387302982250619	-0.00387302982250619	-0.00387302982250619	-0.00387302982250619	-0.00387302982250619	-0.00387302982250619	-0.00387302982250619	0.0786468839638912	-0.00387302982250619	-0.00387302982250619	-0.00387302982250619	-0.00387302982250619	-0.00387302982250619	-0.00387302982250619
SRR341675	-0.00375957507286198	-0.00375957507286198	-0.00375957507286198	-0.00375957507286198	-0.00375957507286198	-0.00375957507286198	-0.00375957507286198	-0.00375957507286198	-0.00375957507286198	0.0342661936493824	0.0427269854569606	-0.00375957507286198	-0.00375957507286198	-0.00375957507286198	-0.00375957507286198	-0.00375957507286198	-0.00375957507286198	0.0381491567344637	-0.00375957507286198	0.0430345030034888	-0.00375957507286198	-0.00375957507286198	-0.00375957507286198	-0.00375957507286198	0.139848873048189	-0.00375957507286198
SRR341676	-0.0035732829321948	-0.0035732829321948	-0.0035732829321948	-0.0035732829321948	-0.0035732829321948	-0.0035732829321948	-0.0035732829321948	-0.0035732829321948	-0.0035732829321948	0.033458305064904	0.139284731227787	-0.0035732829321948	-0.0035732829321948	0.0305049031427125	-0.0035732829321948	0.0526067468906082	-0.0035732829321948	-0.0035732829321948	-0.0035732829321948	-0.0035732829321948	-0.0035732829321948	0.179269804507674	-0.0035732829321948	0.0469445308479797	0.0114877284931094	-0.0035732829321948
SRR341677	-0.00461549173413431	-0.00461549173413431	-0.00461549173413431	-0.00461549173413431	-0.00461549173413431	-0.00461549173413431	-0.00461549173413431	-0.00461549173413431	-0.00461549173413431	-0.00461549173413431	-0.00461549173413431	-0.00461549173413431	-0.00461549173413431	0.0601833705117494	-0.00461549173413431	-0.00461549173413431	0.166250702213969	-0.00461549173413431	-0.00461549173413431	0.220743204334361	0.0302955635546009	-0.00461549173413431	0.085164972791331	-0.00461549173413431	-0.00461549173413431	-0.00461549173413431
SRR341678	-0.00418905292785197	0.0764011356199078	-0.00418905292785197	-0.00418905292785197	-0.00418905292785197	-0.00418905292785197	-0.00418905292785197	-0.00418905292785197	0.0219628845736646	0.144929845838384	0.0507564141505958	-0.00418905292785197	0.128284655545942	-0.00418905292785197	-0.00418905292785197	-0.00418905292785197	-0.00418905292785197	-0.00418905292785197	-0.00418905292785197	-0.00418905292785197	-0.00418905292785197	-0.00418905292785197	-0.00418905292785197	-0.00418905292785197	-0.00418905292785197	-0.00418905292785197
SRR413673	-0.00400790029890221	0.0195596894466186	0.046265354024626	-0.00400790029890221	-0.00400790029890221	-0.00400790029890221	-0.00400790029890221	-0.00400790029890221	-0.00400790029890221	0.084986376112268	-0.00400790029890221	-0.00400790029890221	-0.00400790029890221	-0.00400790029890221	0.21072034141396	-0.00400790029890221	-0.00400790029890221	-0.00400790029890221	0.0280388723371133	-0.00400790029890221	-0.00400790029890221	0.0938653556540206	-0.00400790029890221	-0.00400790029890221	0.0851129834492959	-0.00400790029890221
SRR413674	-0.00237180760669455	0.0462435793853344	-0.00237180760669455	-0.00237180760669455	-0.00237180760669455	-0.00237180760669455	-0.00237180760669455	-0.00237180760669455	-0.00237180760669455	-0.00237180760669455	-0.00237180760669455	-0.00237180760669455	-0.00237180760669455	-0.00237180760669455	-0.00237180760669455	0.0447730991067296	-0.00237180760669455	0.0609428399029878	-0.00237180760669455	0.0678291205525333	-0.00237180760669455	0.046565583819511	-0.00237180760669455	-0.00237180760669455	-0.00237180760669455	-0.00237180760669455
SRR413675	-0.00393068871684197	-0.00393068871684197	0.0604107817575223	-0.00393068871684197	-0.00393068871684197	-0.00393068871684197	-0.00393068871684197	-0.00393068871684197	-0.00393068871684197	0.0926804626387049	0.0134080232785787	-0.00393068871684197	-0.00393068871684197	-0.00393068871684197	-0.00393068871684197	-0.00393068871684197	0.105180185546317	0.10750602937696	-0.00393068871684197	-0.00393068871684197	-0.00393068871684197	-0.00393068871684197	-0.00393068871684197	-0.00393068871684197	-0.00393068871684197	-0.00393068871684197
SRR413676	-0.00325979244015489	0.045704070928412	-0.00325979244015489	-0.00325979244015489	-0.00325979244015489	-0.00325979244015489	-0.00325979244015489	-0.00325979244015489	-0.00325979244015489	0.0494130149815905	0.0481850354656122	-0.00325979244015489	-0.00325979244015489	0.0280553306442683	-0.00325979244015489	0.0644409112240943	-0.00325979244015489	-0.00325979244015489	0.036335081475488	-0.00325979244015489	-0.00325979244015489	-0.00325979244015489	-0.00325979244015489	-0.00325979244015489	0.029879195224149	0.176733222068924
SRR413679	-0.0035714629838298	-0.0035714629838298	-0.0035714629838298	-0.0035714629838298	0.101535120435935	-0.0035714629838298	-0.0035714629838298	-0.0035714629838298	-0.0035714629838298	0.0289232195153467	-0.0035714629838298	-0.0035714629838298	-0.0035714629838298	-0.0035714629838298	0.0737330376818395	0.022096088832955	-0.0035714629838298	-0.0035714629838298	-0.0035714629838298	-0.0035714629838298	-0.0035714629838298	-0.0035714629838298	-0.0035714629838298	0.0835941854386839	0.0440588860027798	0.118473588477448
SRR413683	-0.00392509329655756	-0.00392509329655756	-0.00392509329655756	-0.00392509329655756	-0.00392509329655756	-0.00392509329655756	-0.00392509329655756	-0.00392509329655756	-0.00392509329655756	-0.00392509329655756	-0.00392509329655756	-0.00392509329655756	-0.00392509329655756	-0.00392509329655756	-0.00392509329655756	-0.00392509329655756	-0.00392509329655756	-0.00392509329655756	0.0458100528081973	0.0467126962946599	-0.00392509329655756	0.105913580427243	0.0244412506763299	0.0562391872849903	-0.00392509329655756	0.0441999926144947
SRR413688	-0.00322289354275972	-0.00322289354275972	-0.00322289354275972	-0.00322289354275972	-0.00322289354275972	-0.00322289354275972	-0.00322289354275972	-0.00322289354275972	-0.00322289354275972	-0.00322289354275972	-0.00322289354275972	-0.00322289354275972	0.00575825493357261	-0.00322289354275972	0.363894240464582	-0.00322289354275972	0.0152333375726542	-0.00322289354275972	-0.00322289354275972	-0.00322289354275972	-0.00322289354275972	-0.00322289354275972	-0.00322289354275972	-0.00322289354275972	-0.00322289354275972	-0.00322289354275972
SRR413689	-0.00482508722262281	-0.00482508722262281	0.0235041244306976	-0.00482508722262281	-0.00482508722262281	-0.00482508722262281	-0.00482508722262281	-0.00482508722262281	-0.00482508722262281	0.11612537129399	0.202992011759962	0.323836727306613	0.0197541530876961	-0.00482508722262281	-0.00482508722262281	-0.00482508722262281	-0.00482508722262281	-0.00482508722262281	-0.00482508722262281	-0.00482508722262281	-0.00482508722262281	-0.00482508722262281	-0.00482508722262281	-0.00482508722262281	-0.00482508722262281	-0.00482508722262281
SRR413691	-0.00366600494341871	-0.00366600494341871	0.118490563969571	-0.00366600494341871	-0.00366600494341871	-0.00366600494341871	-0.00366600494341871	-0.00366600494341871	-0.00366600494341871	0.0726878148340934	0.0282359722483542	-0.00366600494341871	-0.00366600494341871	-0.00366600494341871	-0.00366600494341871	-0.00366600494341871	-0.00366600494341871	-0.00366600494341871	-0.00366600494341871	0.0445461827059497	0.0592336740256268	0.127006931184185	-0.00366600494341871	-0.00366600494341871	-0.00366600494341871	-0.00366600494341871
SRR413692	0.0859577861135404	-0.00439512672146685	-0.00439512672146685	-0.00439512672146685	-0.00439512672146685	-0.00439512672146685	-0.00439512672146685	-0.00439512672146685	-0.00439512672146685	-0.00439512672146685	-0.00439512672146685	-0.00439512672146685	-0.00439512672146685	-0.00439512672146685	-0.00439512672146685	0.0280642221461827	-0.00439512672146685	-0.00439512672146685	-0.00439512672146685	0.0831316590888809	-0.00439512672146685	0.0719292302928527	-0.00439512672146685	-0.00439512672146685	-0.00439512672146685	-0.00439512672146685
SRR413695	-0.00429938674672269	0.0303900178246782	0.015946083656443	-0.00429938674672269	-0.00429938674672269	-0.00429938674672269	-0.00429938674672269	-0.00429938674672269	-0.00429938674672269	-0.00429938674672269	-0.00429938674672269	-0.00429938674672269	-0.00429938674672269	-0.00429938674672269	0.218602535377505	-0.00429938674672269	-0.00429938674672269	-0.00429938674672269	-0.00429938674672269	-0.00429938674672269	-0.00429938674672269	-0.00429938674672269	-0.00429938674672269	0.194667858667874	0.043522117947375	-0.00429938674672269
SRR413698	-0.0042527791007372	0.0383778827941271	0.0873645906659046	-0.0042527791007372	-0.0042527791007372	-0.0042527791007372	-0.0042527791007372	-0.0042527791007372	0.176445794701876	0.0433804303403185	0.0252590317454667	-0.0042527791007372	-0.0042527791007372	0.0421763142190291	-0.0042527791007372	-0.0042527791007372	-0.0042527791007372	0.193880609209305	-0.0042527791007372	-0.0042527791007372	0.0365261424918926	-0.0042527791007372	-0.0042527791007372	-0.0042527791007372	-0.0042527791007372	-0.0042527791007372
SRR413699	-0.00403096209815234	-0.00403096209815234	-0.00403096209815234	0.106530505132987	-0.00403096209815234	-0.00403096209815234	-0.00403096209815234	-0.00403096209815234	0.0635779655134327	-0.00403096209815234	-0.00403096209815234	-0.00403096209815234	-0.00403096209815234	-0.00403096209815234	-0.00403096209815234	0.0525960327859744	-0.00403096209815234	0.0907211529260769	0.0591989218972254	0.129118732689018	-0.00403096209815234	0.0582851225058486	-0.00403096209815234	-0.00403096209815234	-0.00403096209815234	-0.00403096209815234
SRR413701	-0.0031546809847238	-0.0031546809847238	-0.0031546809847238	-0.0031546809847238	-0.0031546809847238	-0.0031546809847238	-0.0031546809847238	-0.0031546809847238	0.127039900673103	-0.0031546809847238	0.0267312522096748	-0.0031546809847238	-0.0031546809847238	-0.0031546809847238	-0.0031546809847238	-0.0031546809847238	-0.0031546809847238	-0.0031546809847238	0.0346167131822309	-0.0031546809847238	0.0504577421437116	-0.0031546809847238	0.0387363099552045	-0.0031546809847238	0.107011867175064	-0.0031546809847238
SRR413706	0.0152419570155214	-0.00434692194791492	-0.00434692194791492	-0.00434692194791492	-0.00434692194791492	-0.00434692194791492	-0.00434692194791492	-0.00434692194791492	0.0307630459653402	-0.00434692194791492	-0.00434692194791492	-0.00434692194791492	0.100034714764205	0.251272338344568	-0.00434692194791492	-0.00434692194791492	-0.00434692194791492	-0.00434692194791492	-0.00434692194791492	0.0257269903201236	-0.00434692194791492	-0.00434692194791492	0.151763265361394	-0.00434692194791492	-0.00434692194791492	-0.00434692194791492
SRR413707	-0.0041705182044388	-0.0041705182044388	0.118247094522477	-0.0041705182044388	-0.0041705182044388	-0.0041705182044388	-0.0041705182044388	-0.0041705182044388	-0.0041705182044388	0.110163911172399	-0.0041705182044388	-0.0041705182044388	-0.0041705182044388	-0.0041705182044388	-0.0041705182044388	0.0457280790450569	-0.0041705182044388	-0.0041705182044388	-0.0041705182044388	-0.0041705182044388	0.167197938464588	0.100635343661408	-0.0041705182044388	-0.0041705182044388	-0.0041705182044388	-0.0041705182044388
SRR413708	-0.00423668718479001	-0.00423668718479001	-0.00423668718479001	-0.00423668718479001	0.123963896894306	-0.00423668718479001	-0.00423668718479001	-0.00423668718479001	-0.00423668718479001	0.027160811966583	-0.00423668718479001	0.0759992633546026	-0.00423668718479001	0.027761854916232	-0.00423668718479001	-0.00423668718479001	0.0469372050746102	-0.00423668718479001	-0.00423668718479001	0.0456554410277522	0.0355878820722286	0.101200225554705	-0.00423668718479001	-0.00423668718479001	-0.00423668718479001	-0.00423668718479001
SRR413710	-0.00319332708544853	-0.00319332708544853	-0.00319332708544853	-0.00319332708544853	-0.00319332708544853	-0.00319332708544853	-0.00319332708544853	-0.00319332708544853	-0.00319332708544853	-0.00319332708544853	-0.00319332708544853	-0.00319332708544853	-0.00319332708544853	0.0139480170379312	-0.00319332708544853	-0.00319332708544853	-0.00319332708544853	-0.00319332708544853	0.0370146869873814	0.0210006246088763	-0.00319332708544853	0.162989532017074	-0.00319332708544853	-0.00319332708544853	0.121934226999987	-0.00319332708544853
SRR413712	-0.00441374000609122	-0.00441374000609122	-0.00441374000609122	-0.00441374000609122	-0.00441374000609122	-0.00441374000609122	-0.00441374000609122	-0.00441374000609122	-0.00441374000609122	0.0525857778772302	-0.00441374000609122	-0.00441374000609122	-0.00441374000609122	0.354725365391487	-0.00441374000609122	-0.00441374000609122	-0.00441374000609122	-0.00441374000609122	0.0405437555298308	0.0251721492472376	0.0362016731777089	0.0855449643439973	-0.00441374000609122	0.0528931961372074	0.0296575839241321	-0.00441374000609122
SRR413716	0.017467461881047	-0.00423120992341842	-0.00423120992341842	-0.00423120992341842	-0.00423120992341842	-0.00423120992341842	-0.00423120992341842	-0.00423120992341842	-0.00423120992341842	0.0144324356459337	-0.00423120992341842	-0.00423120992341842	-0.00423120992341842	-0.00423120992341842	0.573021837380222	0.0085376204731404	-0.00423120992341842	-0.00423120992341842	-0.00423120992341842	-0.00423120992341842	-0.00423120992341842	0.0101668389139014	-0.00423120992341842	-0.00423120992341842	0.0304086424745324	-0.00423120992341842
SRR413717	-0.00301536132888903	0.026614312187635	-0.00301536132888903	-0.00301536132888903	-0.00301536132888903	-0.00301536132888903	-0.00301536132888903	-0.00301536132888903	-0.00301536132888903	-0.00301536132888903	-0.00301536132888903	-0.00301536132888903	-0.00301536132888903	-0.00301536132888903	0.178541736674221	-0.00301536132888903	0.0158049208792119	-0.00301536132888903	-0.00301536132888903	0.0616447774129616	-0.00301536132888903	-0.00301536132888903	-0.00301536132888903	0.0525803543562968	-0.00301536132888903	-0.00301536132888903
SRR413718	-0.00260820927434437	0.0647466547438877	-0.00260820927434437	-0.00260820927434437	-0.00260820927434437	-0.00260820927434437	-0.00260820927434437	-0.00260820927434437	0.0857353965708781	0.0228866180410991	-0.00260820927434437	-0.00260820927434437	-0.00260820927434437	-0.00260820927434437	-0.00260820927434437	-0.00260820927434437	-0.00260820927434437	-0.00260820927434437	0.0594201327480843	0.0368320951516238	-0.00260820927434437	-0.00260820927434437	0.0449279308402562	-0.00260820927434437	-0.00260820927434437	-0.00260820927434437
SRR413720	-0.00383766791761422	-0.00383766791761422	-0.00383766791761422	-0.00383766791761422	-0.00383766791761422	-0.00383766791761422	-0.00383766791761422	-0.00383766791761422	0.0387062672115957	0.0256864735290771	-0.00383766791761422	-0.00383766791761422	-0.00383766791761422	-0.00383766791761422	-0.00383766791761422	0.0334723749132603	-0.00383766791761422	-0.00383766791761422	0.135551161381256	-0.00383766791761422	0.0728639877291546	0.0609373877434607	-0.00383766791761422	0.050649665093365	0.0594672176043473	-0.00383766791761422
SRR413723	-0.00387375325918828	-0.00387375325918828	0.0291938374343484	-0.00387375325918828	0.0442813521602584	-0.00387375325918828	-0.00387375325918828	-0.00387375325918828	-0.00387375325918828	-0.00387375325918828	0.135308020850905	-0.00387375325918828	-0.00387375325918828	-0.00387375325918828	-0.00387375325918828	-0.00387375325918828	-0.00387375325918828	0.0356716187251725	0.053136532943737	-0.00387375325918828	0.232998329047361	-0.00387375325918828	-0.00387375325918828	-0.00387375325918828	-0.00387375325918828	-0.00387375325918828
SRR413726	-0.00411938258335119	-0.00411938258335119	-0.00411938258335119	-0.00411938258335119	-0.00411938258335119	-0.00411938258335119	-0.00411938258335119	-0.00411938258335119	-0.00411938258335119	0.0228397327188635	0.0176815409060444	-0.00411938258335119	-0.00411938258335119	-0.00411938258335119	0.30117247346283	-0.00411938258335119	-0.00411938258335119	-0.00411938258335119	-0.00411938258335119	-0.00411938258335119	-0.00411938258335119	-0.00411938258335119	-0.00411938258335119	-0.00411938258335119	-0.00411938258335119	-0.00411938258335119
SRR413735	-0.00361403988428277	-0.00361403988428277	-0.00361403988428277	-0.00361403988428277	0.111846300402455	-0.00361403988428277	-0.00361403988428277	-0.00361403988428277	-0.00361403988428277	0.0789007174474535	-0.00361403988428277	-0.00361403988428277	-0.00361403988428277	-0.00361403988428277	-0.00361403988428277	0.0372820958874418	-0.00361403988428277	-0.00361403988428277	0.0874556161399496	-0.00361403988428277	0.0451272659487431	-0.00361403988428277	-0.00361403988428277	-0.00361403988428277	-0.00361403988428277	-0.00361403988428277
SRR413736	-0.00470046086273008	-0.00470046086273008	-0.00470046086273008	-0.00470046086273008	0.14795023741161	-0.00470046086273008	-0.00470046086273008	-0.00470046086273008	-0.00470046086273008	0.0381637988136534	-0.00470046086273008	-0.00470046086273008	0.0155668623671363	0.035538483716938	-0.00470046086273008	-0.00470046086273008	0.0764886663438195	-0.00470046086273008	0.0318157329883804	-0.00470046086273008	0.300978197208633	-0.00470046086273008	-0.00470046086273008	-0.00470046086273008	0.0620509537689811	-0.00470046086273008
SRR413739	-0.00388125096533704	-0.00388125096533704	-0.00388125096533704	-0.00388125096533704	-0.00388125096533704	-0.00388125096533704	-0.00388125096533704	-0.00388125096533704	-0.00388125096533704	0.0924611232157643	-0.00388125096533704	-0.00388125096533704	-0.00388125096533704	-0.00388125096533704	-0.00388125096533704	-0.00388125096533704	-0.00388125096533704	-0.00388125096533704	0.0536856183342106	0.0445615195365683	-0.00388125096533704	0.093037634178404	-0.00388125096533704	0.14123589191048	0.0638573008581762	0.0406249883824797
SRR413741	-0.00419663285635779	-0.00419663285635779	-0.00419663285635779	-0.00419663285635779	-0.00419663285635779	-0.00419663285635779	-0.00419663285635779	-0.00419663285635779	-0.00419663285635779	0.0398420705042216	0.00960242076640236	-0.00419663285635779	-0.00419663285635779	-0.00419663285635779	-0.00419663285635779	-0.00419663285635779	-0.00419663285635779	0.0105946349980793	0.104025285082486	-0.00419663285635779	0.0564248830729009	0.0403100847261609	-0.00419663285635779	-0.00419663285635779	-0.00419663285635779	-0.00419663285635779
SRR413743	-0.00411430502634228	-0.00411430502634228	-0.00411430502634228	-0.00411430502634228	0.20587997226757	-0.00411430502634228	-0.00411430502634228	0.0105486662487965	0.0986074321158067	0.0293485170882651	0.0413805307457507	-0.00411430502634228	-0.00411430502634228	-0.00411430502634228	-0.00411430502634228	-0.00411430502634228	-0.00411430502634228	-0.00411430502634228	0.0863222908644389	-0.00411430502634228	-0.00411430502634228	0.0620963797659941	-0.00411430502634228	-0.00411430502634228	0.0259466041481244	-0.00411430502634228
SRR413746	-0.00379775964023354	-0.00379775964023354	-0.00379775964023354	-0.00379775964023354	-0.00379775964023354	-0.00379775964023354	-0.00379775964023354	-0.00379775964023354	0.025125403732518	-0.00379775964023354	-0.00379775964023354	-0.00379775964023354	-0.00379775964023354	0.0484071391097708	-0.00379775964023354	-0.00379775964023354	-0.00379775964023354	0.0238376406510811	-0.00379775964023354	0.0985918472352069	-0.00379775964023354	0.09972586997494	-0.00379775964023354	-0.00379775964023354	0.144323925122878	-0.00379775964023354
SRR413748	-0.00374661898276498	-0.00374661898276498	-0.00374661898276498	-0.00374661898276498	0.0374766070333669	-0.00374661898276498	-0.00374661898276498	-0.00374661898276498	-0.00374661898276498	0.0949867858044572	-0.00374661898276498	-0.00374661898276498	-0.00374661898276498	-0.00374661898276498	-0.00374661898276498	-0.00374661898276498	-0.00374661898276498	-0.00374661898276498	0.045774420889082	0.0257888820164338	0.0180992136646574	-0.00374661898276498	-0.00374661898276498	-0.00374661898276498	0.226698212992918	-0.00374661898276498
SRR413750	-0.00388775231128467	-0.00388775231128467	-0.00388775231128467	-0.00388775231128467	-0.00388775231128467	-0.00388775231128467	-0.00388775231128467	-0.00388775231128467	-0.00388775231128467	-0.00388775231128467	0.136745983854256	-0.00388775231128467	-0.00388775231128467	0.0577594053606557	-0.00388775231128467	-0.00388775231128467	-0.00388775231128467	0.0469275978791322	0.030386323302071	0.0564760354909162	-0.00388775231128467	-0.00388775231128467	0.0447959299986792	-0.00388775231128467	0.0411903879571165	0.1410425501819
SRR413752	-0.00376449554072945	-0.00376449554072945	-0.00376449554072945	-0.00376449554072945	0.125002440062559	-0.00376449554072945	-0.00376449554072945	-0.00376449554072945	0.0548907530385006	0.0537143836113921	0.118405348431036	-0.00376449554072945	-0.00376449554072945	-0.00376449554072945	-0.00376449554072945	-0.00376449554072945	-0.00376449554072945	-0.00376449554072945	0.0472417826616161	-0.00376449554072945	0.0651913485940515	0.0375180329174907	-0.00376449554072945	-0.00376449554072945	-0.00376449554072945	-0.00376449554072945
SRR413757	-0.00302225087623754	-0.00302225087623754	-0.00302225087623754	-0.00302225087623754	-0.00302225087623754	-0.00302225087623754	-0.00302225087623754	-0.00302225087623754	-0.00302225087623754	0.0169644771194272	-0.00302225087623754	-0.00302225087623754	-0.00302225087623754	0.0223283890690775	-0.00302225087623754	-0.00302225087623754	0.0501584512362361	0.0317554335497	-0.00302225087623754	-0.00302225087623754	0.26495469452606	-0.00302225087623754	-0.00302225087623754	-0.00302225087623754	-0.00302225087623754	-0.00302225087623754
SRR413758	-0.00404850927153183	-0.00404850927153183	-0.00404850927153183	-0.00404850927153183	0.0622195466081975	-0.00404850927153183	-0.00404850927153183	-0.00404850927153183	-0.00404850927153183	-0.00404850927153183	-0.00404850927153183	-0.00404850927153183	-0.00404850927153183	-0.00404850927153183	-0.00404850927153183	-0.00404850927153183	-0.00404850927153183	0.052035561001315	-0.00404850927153183	0.0977180558760781	-0.00404850927153183	-0.00404850927153183	0.10658905822398	0.0397007805361186	-0.00404850927153183	0.118944928632731
SRR413765	-0.0042647663442139	-0.0042647663442139	-0.0042647663442139	-0.0042647663442139	-0.0042647663442139	-0.0042647663442139	-0.0042647663442139	-0.0042647663442139	-0.0042647663442139	0.115976578525842	-0.0042647663442139	-0.0042647663442139	-0.0042647663442139	-0.0042647663442139	-0.0042647663442139	-0.0042647663442139	0.144669761556921	0.00582981153059492	-0.0042647663442139	-0.0042647663442139	-0.0042647663442139	-0.0042647663442139	0.0710378633505038	-0.0042647663442139	-0.0042647663442139	-0.0042647663442139
SRR413766	-0.00421926110091466	0.0448526728914816	-0.00421926110091466	-0.00421926110091466	-0.00421926110091466	-0.00421926110091466	-0.00421926110091466	-0.00421926110091466	0.108241190257196	-0.00421926110091466	-0.00421926110091466	-0.00421926110091466	0.0442458978790995	-0.00421926110091466	-0.00421926110091466	-0.00421926110091466	-0.00421926110091466	-0.00421926110091466	0.0843887822050395	-0.00421926110091466	0.18062494447067	-0.00421926110091466	0.0887236644212027	-0.00421926110091466	-0.00421926110091466	-0.00421926110091466
SRR413769	-0.00376254098655737	-0.00376254098655737	0.0260474918298654	-0.00376254098655737	-0.00376254098655737	-0.00376254098655737	-0.00376254098655737	-0.00376254098655737	-0.00376254098655737	0.0174532050339399	0.0257497553192339	-0.00376254098655737	-0.00376254098655737	-0.00376254098655737	0.43809685379471	-0.00376254098655737	-0.00376254098655737	-0.00376254098655737	-0.00376254098655737	-0.00376254098655737	-0.00376254098655737	-0.00376254098655737	-0.00376254098655737	0.0124557289926665	0.0081234400389757	-0.00376254098655737
SRR413771	-0.0033993117103023	0.0431375537826309	-0.0033993117103023	-0.0033993117103023	-0.0033993117103023	-0.0033993117103023	-0.0033993117103023	-0.0033993117103023	-0.0033993117103023	0.023260827444253	-0.0033993117103023	-0.0033993117103023	-0.0033993117103023	0.147053969727549	-0.0033993117103023	-0.0033993117103023	0.0201608550271949	-0.0033993117103023	-0.0033993117103023	-0.0033993117103023	-0.0033993117103023	-0.0033993117103023	-0.0033993117103023	-0.0033993117103023	0.0352879899736036	-0.0033993117103023
SRR413772	-0.00259977435754028	0.0290033446108811	-0.00259977435754028	-0.00259977435754028	-0.00259977435754028	-0.00259977435754028	-0.00259977435754028	-0.00259977435754028	0.0300990443246994	-0.00259977435754028	-0.00259977435754028	-0.00259977435754028	-0.00259977435754028	-0.00259977435754028	-0.00259977435754028	0.0376270670942568	-0.00259977435754028	-0.00259977435754028	0.0521096932599697	-0.00259977435754028	-0.00259977435754028	0.0616282298246309	-0.00259977435754028	-0.00259977435754028	0.0670640586510443	-0.00259977435754028
