feature	X158846	X39948	X906	X1578	X1301	X1263	X216851	X292632	X572511	X33042	X841	X189330	X1485	X1730	X1678	X561	X838	X239759	X816	X375288	X239934
ERR260139	-2.77430404992883	-2.77430404992883	-2.77430404992883	-2.77430404992883	-2.77430404992883	16.6367651159985	12.9967276092865	16.0307747826285	14.4326498399134	14.962220988722	-2.77430404992883	14.9478329984343	-2.77430404992883	16.7513487199564	15.3267718143377	-2.77430404992883	-2.77430404992883	-2.77430404992883	-2.77430404992883	-2.77430404992883	-2.77430404992883
ERR260140	-2.79260868323553	14.7501531481337	-2.79260868323553	-2.79260868323553	-2.79260868323553	16.4967595279775	13.9200285997102	15.2163720710674	14.9321470455443	-2.79260868323553	-2.79260868323553	14.5359596321159	-2.79260868323553	15.9100730337394	-2.79260868323553	-2.79260868323553	-2.79260868323553	-2.79260868323553	16.6213386521358	-2.79260868323553	-2.79260868323553
ERR260144	-2.8016800020151	15.0654085432072	-2.8016800020151	-2.8016800020151	-2.8016800020151	15.5491028288809	14.8434497568404	15.4009504603755	-2.8016800020151	15.4145096591912	14.8102945731928	14.9910231520986	-2.8016800020151	16.7824015236224	-2.8016800020151	-2.8016800020151	-2.8016800020151	-2.8016800020151	14.425179601331	-2.8016800020151	-2.8016800020151
ERR260149	-2.82039059038022	-2.82039059038022	-2.82039059038022	-2.82039059038022	14.9654439749608	15.5600117716844	14.6168120888875	16.0204730944032	14.3082545469754	16.7673769602942	-2.82039059038022	-2.82039059038022	-2.82039059038022	15.6531766875791	-2.82039059038022	-2.82039059038022	-2.82039059038022	14.9335492578905	15.3740405459555	-2.82039059038022	-2.82039059038022
ERR260151	-2.78342577888338	-2.78342577888338	-2.78342577888338	-2.78342577888338	-2.78342577888338	16.3656341500264	14.2297370083555	15.3945539191611	-2.78342577888338	14.2795519869352	-2.78342577888338	-2.78342577888338	-2.78342577888338	15.2214394912544	-2.78342577888338	-2.78342577888338	15.4806268973823	-2.78342577888338	14.5616138374116	-2.78342577888338	-2.78342577888338
ERR260152	-2.8002217885096	-2.8002217885096	-2.8002217885096	-2.8002217885096	14.3653051662118	16.3571061462357	15.299090494373	15.3601793296055	15.4035223635388	14.2296906411028	-2.8002217885096	15.708341628577	-2.8002217885096	16.2659326034181	-2.8002217885096	-2.8002217885096	-2.8002217885096	-2.8002217885096	14.221699263908	-2.8002217885096	-2.8002217885096
ERR260155	-2.82026901594966	15.7835662794269	-2.82026901594966	-2.82026901594966	14.7036834230103	15.7364537251705	15.314402934838	-2.82026901594966	15.61457102042	15.0000333370125	-2.82026901594966	-2.82026901594966	-2.82026901594966	15.7997870475549	-2.82026901594966	-2.82026901594966	-2.82026901594966	15.1330877213594	-2.82026901594966	-2.82026901594966	-2.82026901594966
ERR260159	-2.80942643762019	15.8374731321387	-2.80942643762019	-2.80942643762019	14.5580378848626	15.8818080300651	14.7290364689537	-2.80942643762019	-2.80942643762019	-2.80942643762019	14.5360352791462	14.8016384984027	-2.80942643762019	16.2614887718798	14.5206816430935	-2.80942643762019	-2.80942643762019	-2.80942643762019	16.5356957348472	-2.80942643762019	-2.80942643762019
ERR260161	-2.81489184159327	-2.81489184159327	-2.81489184159327	-2.81489184159327	14.8759839822213	16.1765763457484	-2.81489184159327	16.0617823520196	14.969564460092	-2.81489184159327	15.4234825574494	15.1339019167105	-2.81489184159327	16.3233066973321	14.3182424779075	-2.81489184159327	-2.81489184159327	-2.81489184159327	14.6468594485894	-2.81489184159327	-2.81489184159327
ERR260162	-2.77782241027748	-2.77782241027748	-2.77782241027748	14.1766459671058	16.235505395466	15.1017779660562	14.6504880989955	15.0715393471859	14.5763782613314	15.5102248349658	14.2368509820413	-2.77782241027748	-2.77782241027748	16.5538872504484	-2.77782241027748	-2.77782241027748	-2.77782241027748	-2.77782241027748	-2.77782241027748	-2.77782241027748	-2.77782241027748
ERR260165	-2.80338977603461	-2.80338977603461	-2.80338977603461	-2.80338977603461	-2.80338977603461	16.6297024637114	15.5379479429092	14.5791461404817	15.5207734705989	-2.80338977603461	14.2806207469222	-2.80338977603461	15.6138600992127	15.6977920412949	-2.80338977603461	-2.80338977603461	-2.80338977603461	-2.80338977603461	15.5758781843327	-2.80338977603461	13.930377936232
ERR260166	-2.8159815660044	-2.8159815660044	-2.8159815660044	-2.8159815660044	-2.8159815660044	14.7597425979569	14.346090692661	15.0332987405001	-2.8159815660044	14.9275907068873	-2.8159815660044	-2.8159815660044	-2.8159815660044	16.1076236758653	-2.8159815660044	-2.8159815660044	-2.8159815660044	-2.8159815660044	16.4602882892914	-2.8159815660044	15.8801694970321
ERR260167	-2.78969428297464	14.8214807521688	-2.78969428297464	-2.78969428297464	-2.78969428297464	15.5168352086552	14.4385436303012	14.1299275489891	15.1269444596623	-2.78969428297464	14.2114827637181	-2.78969428297464	15.1522568871719	16.4193574585219	-2.78969428297464	-2.78969428297464	-2.78969428297464	-2.78969428297464	16.8781911565687	-2.78969428297464	-2.78969428297464
ERR260169	-2.80843632783074	-2.80843632783074	-2.80843632783074	-2.80843632783074	-2.80843632783074	14.3818489543737	14.6895557862762	14.8541938692095	-2.80843632783074	15.7848522891426	14.9402812808096	14.3036664034141	-2.80843632783074	16.671675727647	-2.80843632783074	-2.80843632783074	-2.80843632783074	-2.80843632783074	16.0522462139404	-2.80843632783074	-2.80843632783074
ERR260173	-2.82037040096119	-2.82037040096119	-2.82037040096119	-2.82037040096119	-2.82037040096119	15.3041954944173	15.2451128927352	15.9308291861379	-2.82037040096119	-2.82037040096119	-2.82037040096119	-2.82037040096119	-2.82037040096119	15.3931496451721	16.3989205384557	-2.82037040096119	-2.82037040096119	-2.82037040096119	14.8786340704561	-2.82037040096119	-2.82037040096119
ERR260174	-2.74077079848368	-2.74077079848368	-2.74077079848368	-2.74077079848368	-2.74077079848368	13.9868350110456	15.7982172969808	14.4587401502257	-2.74077079848368	-2.74077079848368	-2.74077079848368	-2.74077079848368	-2.74077079848368	14.7796623564059	-2.74077079848368	-2.74077079848368	-2.74077079848368	14.3519033979544	15.9543547987384	-2.74077079848368	14.6109079431537
ERR260176	-2.779957743986	-2.779957743986	-2.779957743986	16.5978523700623	14.0429221633478	14.1061374718282	15.9450851900453	-2.779957743986	-2.779957743986	14.1005499686879	-2.779957743986	-2.779957743986	-2.779957743986	15.2876857316556	14.6475242525502	-2.779957743986	16.5994906800092	-2.779957743986	-2.779957743986	-2.779957743986	-2.779957743986
ERR260178	-2.81827047971495	15.0762713380597	-2.81827047971495	-2.81827047971495	-2.81827047971495	15.4461984734462	16.1312722563823	16.224002370456	14.2538586399864	-2.81827047971495	15.2891669490453	-2.81827047971495	-2.81827047971495	15.686953607302	14.605286331082	-2.81827047971495	-2.81827047971495	-2.81827047971495	15.3822435402729	-2.81827047971495	-2.81827047971495
ERR260179	-2.80491621473026	14.7811874390027	-2.80491621473026	-2.80491621473026	-2.80491621473026	-2.80491621473026	16.1664548952486	15.6597814242083	14.777871329385	-2.80491621473026	14.6525053740505	14.9570574412986	15.061735623058	16.2422429265799	15.1420580689513	-2.80491621473026	-2.80491621473026	-2.80491621473026	-2.80491621473026	-2.80491621473026	-2.80491621473026
ERR260181	-2.82169069665303	15.0366237476723	-2.82169069665303	-2.82169069665303	-2.82169069665303	14.9791621179345	15.7544113566777	14.7840435491092	14.8416541724053	-2.82169069665303	16.2063396648085	14.6491968478979	-2.82169069665303	15.6474944658855	-2.82169069665303	-2.82169069665303	-2.82169069665303	-2.82169069665303	16.3639182136075	-2.82169069665303	-2.82169069665303
ERR260182	15.4043567598105	15.1627459280416	-2.82327672409126	-2.82327672409126	15.6389585556075	-2.82327672409126	14.5878707466442	15.9340976676833	-2.82327672409126	-2.82327672409126	-2.82327672409126	-2.82327672409126	-2.82327672409126	15.6284374721357	-2.82327672409126	-2.82327672409126	15.6608388164938	14.6620018472663	15.6612516867888	-2.82327672409126	-2.82327672409126
ERR260185	-2.79469686193498	-2.79469686193498	-2.79469686193498	-2.79469686193498	-2.79469686193498	15.8235388276593	14.936191089203	16.0852045902154	15.5294520673209	14.7467601274023	-2.79469686193498	-2.79469686193498	-2.79469686193498	15.254741938362	14.9042582191453	-2.79469686193498	-2.79469686193498	-2.79469686193498	15.0432002988041	-2.79469686193498	-2.79469686193498
ERR260186	-2.81466057115181	-2.81466057115181	-2.81466057115181	-2.81466057115181	-2.81466057115181	15.898219534421	15.3197171623389	16.3850376675021	-2.81466057115181	15.3917521298752	15.001151251396	14.8822137853759	-2.81466057115181	14.9305125170106	-2.81466057115181	-2.81466057115181	-2.81466057115181	-2.81466057115181	15.2762458688635	-2.81466057115181	14.8335180696553
ERR260188	-2.79876596167936	14.8391054636494	-2.79876596167936	-2.79876596167936	14.7389186087247	15.7600928710139	14.6698310818111	14.8020427292274	-2.79876596167936	-2.79876596167936	14.7749029043223	-2.79876596167936	-2.79876596167936	16.7675792208765	-2.79876596167936	-2.79876596167936	16.2701169020196	-2.79876596167936	14.5169423406436	-2.79876596167936	-2.79876596167936
ERR260189	-2.81380695445244	15.3259554712039	-2.81380695445244	-2.81380695445244	-2.81380695445244	15.9948196681736	-2.81380695445244	16.0907926574185	-2.81380695445244	-2.81380695445244	-2.81380695445244	14.5856252664191	-2.81380695445244	16.3916790390186	14.8220301139047	-2.81380695445244	-2.81380695445244	14.7477641337089	14.7763271965917	-2.81380695445244	-2.81380695445244
ERR260190	-2.75730859024637	-2.75730859024637	-2.75730859024637	-2.75730859024637	-2.75730859024637	14.6087528554323	-2.75730859024637	17.0612738903388	15.2668613508792	-2.75730859024637	-2.75730859024637	14.4324426264585	-2.75730859024637	14.9186811421137	-2.75730859024637	14.5111280806179	-2.75730859024637	14.7296631252587	15.3643877970572	-2.75730859024637	-2.75730859024637
ERR260191	-2.79338051257375	15.3632695922798	-2.79338051257375	-2.79338051257375	-2.79338051257375	14.6249558728165	14.7156611886035	15.7732776091585	14.5947874604836	14.6274648609725	-2.79338051257375	14.570067890346	-2.79338051257375	17.0800562655372	15.5261043759165	-2.79338051257375	-2.79338051257375	-2.79338051257375	-2.79338051257375	-2.79338051257375	-2.79338051257375
ERR260192	-2.81905054553693	-2.81905054553693	-2.81905054553693	-2.81905054553693	-2.81905054553693	16.1631299306129	15.9835605302154	14.2457564428352	14.8442815279165	15.9803474234778	-2.81905054553693	14.5511936280407	-2.81905054553693	15.4235544275028	15.436795660553	-2.81905054553693	-2.81905054553693	-2.81905054553693	-2.81905054553693	-2.81905054553693	-2.81905054553693
ERR260194	-2.81660529912617	14.8752845269005	-2.81660529912617	-2.81660529912617	-2.81660529912617	16.1039351682829	14.8150009160527	14.6303807071922	15.354938228983	-2.81660529912617	-2.81660529912617	15.4235075614478	-2.81660529912617	16.4750340308877	15.2638979662663	-2.81660529912617	-2.81660529912617	-2.81660529912617	-2.81660529912617	-2.81660529912617	-2.81660529912617
ERR260196	-2.80775419302343	-2.80775419302343	-2.80775419302343	-2.80775419302343	-2.80775419302343	15.6700816408745	15.3957998743646	15.3887324604917	14.5923691771211	14.9827504324342	-2.80775419302343	-2.80775419302343	-2.80775419302343	15.1489479506886	-2.80775419302343	-2.80775419302343	-2.80775419302343	15.064028638318	16.5190336087675	-2.80775419302343	-2.80775419302343
ERR260198	-2.82421560926009	15.1142771932742	-2.82421560926009	-2.82421560926009	14.7195105179662	15.7936342604448	15.8561334684019	15.4052053628032	15.0908990055045	-2.82421560926009	-2.82421560926009	14.8426482275487	-2.82421560926009	15.7432890477675	-2.82421560926009	-2.82421560926009	-2.82421560926009	-2.82421560926009	15.8209677700333	-2.82421560926009	-2.82421560926009
ERR260199	-2.8239291460072	-2.8239291460072	-2.8239291460072	-2.8239291460072	-2.8239291460072	15.9204786804735	15.3259056787216	16.3833800186366	-2.8239291460072	15.5109976228216	-2.8239291460072	-2.8239291460072	-2.8239291460072	15.5561368840241	15.8454771301469	-2.8239291460072	-2.8239291460072	14.3734362944479	14.9772395820688	-2.8239291460072	14.4794762630117
ERR260201	-2.76056512144995	-2.76056512144995	-2.76056512144995	-2.76056512144995	-2.76056512144995	16.771334779608	-2.76056512144995	13.7236587203785	15.816384066854	13.455727538409	-2.76056512144995	13.757822345855	14.1475685036806	16.2260031362706	-2.76056512144995	-2.76056512144995	-2.76056512144995	-2.76056512144995	14.991895192974	-2.76056512144995	16.3772966670182
ERR260202	-2.83093101432903	15.4652449145906	-2.83093101432903	15.1028310603057	-2.83093101432903	15.4950840530822	15.2994495796622	15.6049831201127	-2.83093101432903	-2.83093101432903	-2.83093101432903	14.8610375663773	-2.83093101432903	16.1577021057281	15.1157429143097	-2.83093101432903	-2.83093101432903	-2.83093101432903	15.6135443879539	-2.83093101432903	-2.83093101432903
ERR260203	-2.83598779746652	-2.83598779746652	-2.83598779746652	-2.83598779746652	-2.83598779746652	15.7294078288649	15.118011807651	15.6022872647124	-2.83598779746652	15.8500143803685	-2.83598779746652	-2.83598779746652	-2.83598779746652	15.1926853929135	-2.83598779746652	15.6511078405093	-2.83598779746652	-2.83598779746652	15.2305163220037	-2.83598779746652	15.2296409847986
ERR260206	-2.77694667865388	-2.77694667865388	-2.77694667865388	-2.77694667865388	-2.77694667865388	15.4452294787942	15.5274968455029	16.8567964370577	14.3777014785556	14.0530394447531	-2.77694667865388	-2.77694667865388	-2.77694667865388	15.1993420564699	-2.77694667865388	-2.77694667865388	15.2522044210009	14.1492663918703	15.2093107000355	-2.77694667865388	-2.77694667865388
ERR260207	-2.82045392071539	15.4362327002938	-2.82045392071539	-2.82045392071539	-2.82045392071539	16.2291714315555	15.7076272658283	-2.82045392071539	-2.82045392071539	15.7552628339003	14.8187619801405	14.8760326542355	-2.82045392071539	16.1328413415401	14.7421366245078	-2.82045392071539	-2.82045392071539	-2.82045392071539	-2.82045392071539	-2.82045392071539	-2.82045392071539
ERR260208	-2.81126428260463	-2.81126428260463	-2.81126428260463	-2.81126428260463	-2.81126428260463	15.7370002105045	15.3444999556818	15.6967402986832	14.2371197149157	-2.81126428260463	15.2403999728818	-2.81126428260463	15.9199699842022	15.5549740135777	-2.81126428260463	-2.81126428260463	-2.81126428260463	13.8315540392833	16.1896916578968	-2.81126428260463	-2.81126428260463
ERR260210	-2.81565957241697	14.4242244157636	14.5960640394897	-2.81565957241697	-2.81565957241697	16.1204103723253	14.381868979659	15.3592919867031	-2.81565957241697	15.8070800021829	-2.81565957241697	-2.81565957241697	-2.81565957241697	16.1165925231772	15.9529701618352	-2.81565957241697	-2.81565957241697	-2.81565957241697	15.2088165672956	-2.81565957241697	-2.81565957241697
ERR260213	-2.81476029633286	-2.81476029633286	-2.81476029633286	-2.81476029633286	-2.81476029633286	15.8597251137938	15.0488536756807	15.7965325509957	-2.81476029633286	15.7711806249619	15.224876710441	14.5711699167613	-2.81476029633286	16.1360073816078	-2.81476029633286	-2.81476029633286	-2.81476029633286	-2.81476029633286	15.0257286862829	-2.81476029633286	14.4891798597852
ERR260214	-2.78203002738105	-2.78203002738105	-2.78203002738105	14.1510410247672	16.3301014640019	-2.78203002738105	-2.78203002738105	-2.78203002738105	15.3376442810828	-2.78203002738105	-2.78203002738105	14.1750173661019	15.1740532635849	15.9051832126482	14.6765464123296	-2.78203002738105	-2.78203002738105	-2.78203002738105	-2.78203002738105	-2.78203002738105	16.5298205482531
ERR260229	-2.78663887063516	14.6424293829486	-2.78663887063516	-2.78663887063516	-2.78663887063516	16.3147469762498	-2.78663887063516	14.2215226673384	14.5803895945621	-2.78663887063516	14.536172338739	-2.78663887063516	-2.78663887063516	15.2307139947062	-2.78663887063516	14.6632078610413	-2.78663887063516	-2.78663887063516	16.9555870271067	-2.78663887063516	15.4005348184307
ERR260235	-2.82212653199005	15.3971550412265	-2.82212653199005	-2.82212653199005	15.2277296469084	16.2518997158423	15.1822733387708	-2.82212653199005	14.8632862980525	-2.82212653199005	-2.82212653199005	-2.82212653199005	-2.82212653199005	15.3755506633473	15.9170443133285	-2.82212653199005	-2.82212653199005	-2.82212653199005	14.8787652909959	-2.82212653199005	15.1904957590405
ERR260238	-2.79909329005961	14.6920063195815	-2.79909329005961	-2.79909329005961	-2.79909329005961	15.8502040089616	14.1503581475967	-2.79909329005961	14.5277328594273	-2.79909329005961	15.1581271860881	14.6386493387937	-2.79909329005961	16.932255385586	-2.79909329005961	16.0164431540708	-2.79909329005961	-2.79909329005961	15.1897948128149	-2.79909329005961	-2.79909329005961
ERR260239	-2.79792867983596	-2.79792867983596	-2.79792867983596	-2.79792867983596	15.2658985470916	15.0307796692564	14.6358564747036	15.8003709222028	-2.79792867983596	-2.79792867983596	-2.79792867983596	15.0926603860732	-2.79792867983596	16.2203735471498	15.1826411774644	-2.79792867983596	14.5764921872729	-2.79792867983596	15.2934324007471	-2.79792867983596	-2.79792867983596
ERR260240	-2.77313391953743	14.9219012658912	-2.77313391953743	-2.77313391953743	-2.77313391953743	16.8825588908714	14.7540689150421	14.444730051627	14.7882104814024	14.3166985608467	14.1872356069901	-2.77313391953743	-2.77313391953743	16.4816248335016	-2.77313391953743	-2.77313391953743	-2.77313391953743	-2.77313391953743	15.1065334511615	-2.77313391953743	-2.77313391953743
ERR260241	-2.77520136273141	-2.77520136273141	-2.77520136273141	-2.77520136273141	-2.77520136273141	16.469093267421	-2.77520136273141	15.9197798252204	14.5446256123119	-2.77520136273141	-2.77520136273141	-2.77520136273141	-2.77520136273141	14.304831237722	-2.77520136273141	-2.77520136273141	-2.77520136273141	-2.77520136273141	14.2794699232404	-2.77520136273141	15.6667025774625
ERR260261	-2.80408799045741	14.7758825037422	-2.80408799045741	-2.80408799045741	-2.80408799045741	15.5361633152174	-2.80408799045741	15.5424606379729	14.8659541836649	-2.80408799045741	-2.80408799045741	-2.80408799045741	15.1507421046757	16.5276659014203	-2.80408799045741	-2.80408799045741	-2.80408799045741	14.3777144799436	16.4191950598433	-2.80408799045741	-2.80408799045741
ERR260270	-2.81440659129879	14.7170780486589	-2.81440659129879	-2.81440659129879	-2.81440659129879	15.5252983539526	15.7044438854908	16.2337461716783	-2.81440659129879	14.1938411749833	-2.81440659129879	-2.81440659129879	-2.81440659129879	15.3324844790697	15.1501623989302	-2.81440659129879	-2.81440659129879	-2.81440659129879	16.5341495266911	-2.81440659129879	14.5147189341858
ERR260271	-2.82972595782719	15.0325884847562	-2.82972595782719	-2.82972595782719	-2.82972595782719	-2.82972595782719	15.9442068858104	16.3529281622824	14.7010333336205	15.6620095398046	-2.82972595782719	15.0140338923388	-2.82972595782719	15.4307825245765	15.2313269294851	-2.82972595782719	-2.82972595782719	-2.82972595782719	15.2876621808579	-2.82972595782719	-2.82972595782719
ERR260273	-2.81807149578314	14.9887722177973	-2.81807149578314	-2.81807149578314	-2.81807149578314	15.2180461774903	16.3514418184794	15.5585413769027	-2.81807149578314	-2.81807149578314	-2.81807149578314	14.7540379339504	-2.81807149578314	15.2802211764226	15.2163716166957	-2.81807149578314	-2.81807149578314	-2.81807149578314	15.2637784463185	-2.81807149578314	-2.81807149578314
ERR260274	-2.80371109226931	-2.80371109226931	-2.80371109226931	-2.80371109226931	-2.80371109226931	15.6819143496946	14.2466077324616	15.4700415047907	14.106675515967	16.6374185803193	-2.80371109226931	14.1192073178563	-2.80371109226931	16.1211633386909	-2.80371109226931	-2.80371109226931	-2.80371109226931	-2.80371109226931	15.5480417887973	-2.80371109226931	-2.80371109226931
ERR260276	-2.81188235006877	-2.81188235006877	-2.81188235006877	-2.81188235006877	16.3112422313024	-2.81188235006877	-2.81188235006877	14.5539493986719	15.1076491525592	-2.81188235006877	-2.81188235006877	-2.81188235006877	14.589552612009	16.2975509371551	14.7840585344642	15.4898470622852	-2.81188235006877	-2.81188235006877	16.2232864978609	-2.81188235006877	-2.81188235006877
ERR275252	-2.81451723651677	-2.81451723651677	-2.81451723651677	-2.81451723651677	-2.81451723651677	15.6559531814524	15.3699271304244	14.7967454198763	14.7064201347267	14.7457118708722	15.9338472452296	14.6465320126473	-2.81451723651677	16.3063160977131	-2.81451723651677	-2.81451723651677	-2.81451723651677	-2.81451723651677	15.7498914963795	-2.81451723651677	-2.81451723651677
SRR1778452	16.6462780613962	16.3939911660125	-2.79764466779373	-2.79764466779373	-2.79764466779373	14.5841963099028	-2.79764466779373	14.3121719925613	15.4890943250629	-2.79764466779373	-2.79764466779373	-2.79764466779373	15.0899188471592	14.7939386026494	-2.79764466779373	15.3744260006742	-2.79764466779373	-2.79764466779373	-2.79764466779373	-2.79764466779373	-2.79764466779373
SRR1778453	-2.77907475160631	-2.77907475160631	-2.77907475160631	15.9947948740244	14.1548679414779	-2.77907475160631	14.0325930396038	-2.77907475160631	15.288691127584	-2.77907475160631	-2.77907475160631	-2.77907475160631	13.6569945879959	-2.77907475160631	16.9663094863911	-2.77907475160631	-2.77907475160631	-2.77907475160631	16.1879338917453	15.7515271016692	-2.77907475160631
SRR341581	14.8541786512439	-2.71294671818621	-2.71294671818621	-2.71294671818621	-2.71294671818621	-2.71294671818621	-2.71294671818621	14.1535132468839	14.7854705173212	-2.71294671818621	-2.71294671818621	-2.71294671818621	14.3060742591048	-2.71294671818621	-2.71294671818621	14.0278307833099	-2.71294671818621	-2.71294671818621	17.4596744712889	15.3491386818964	-2.71294671818621
SRR341582	-2.80810929652157	-2.80810929652157	-2.80810929652157	-2.80810929652157	-2.80810929652157	15.033329589462	15.6906984844554	14.8261504343034	14.2729927573495	-2.80810929652157	-2.80810929652157	-2.80810929652157	-2.80810929652157	16.5616661994465	-2.80810929652157	14.9203578509456	-2.80810929652157	-2.80810929652157	16.6418872506688	14.8494588011388	-2.80810929652157
SRR341583	-2.78257974199703	15.2507444546697	-2.78257974199703	-2.78257974199703	-2.78257974199703	14.8893819342385	15.5221490500913	-2.78257974199703	-2.78257974199703	-2.78257974199703	-2.78257974199703	-2.78257974199703	-2.78257974199703	15.2783112262467	-2.78257974199703	-2.78257974199703	17.0293132529069	14.576483903724	15.6385309195275	-2.78257974199703	14.1149600905718
SRR341584	-2.7645299240414	-2.7645299240414	-2.7645299240414	-2.7645299240414	-2.7645299240414	-2.7645299240414	14.5796532189604	-2.7645299240414	-2.7645299240414	-2.7645299240414	14.467178313139	-2.7645299240414	-2.7645299240414	15.3035860035282	-2.7645299240414	-2.7645299240414	17.0188361711934	13.8704231825538	16.7393076221593	14.7037898329747	-2.7645299240414
SRR341585	15.4010244522544	-2.8084647917046	-2.8084647917046	-2.8084647917046	-2.8084647917046	15.4744034200373	15.3404321761477	15.281242185298	14.9611833896104	14.353885549311	-2.8084647917046	-2.8084647917046	-2.8084647917046	16.1989465096646	-2.8084647917046	-2.8084647917046	-2.8084647917046	-2.8084647917046	16.7909263347479	-2.8084647917046	-2.8084647917046
SRR341586	-2.80885694169689	-2.80885694169689	-2.80885694169689	14.3082774461901	-2.80885694169689	-2.80885694169689	-2.80885694169689	15.8758866310378	14.7399446386661	-2.80885694169689	-2.80885694169689	-2.80885694169689	-2.80885694169689	14.4751638233736	-2.80885694169689	15.1588566407569	-2.80885694169689	15.9791715951762	16.439178401258	15.8377953589901	-2.80885694169689
SRR341587	-2.73097814374593	-2.73097814374593	13.6734612595131	-2.73097814374593	-2.73097814374593	-2.73097814374593	-2.73097814374593	-2.73097814374593	13.8063146314641	-2.73097814374593	-2.73097814374593	-2.73097814374593	15.535750412345	15.7925118732106	-2.73097814374593	14.4122124543983	-2.73097814374593	-2.73097814374593	17.4599012992104	15.6139008975776	-2.73097814374593
SRR341588	-2.72266125176042	-2.72266125176042	-2.72266125176042	-2.72266125176042	-2.72266125176042	-2.72266125176042	-2.72266125176042	-2.72266125176042	14.6348342200861	-2.72266125176042	-2.72266125176042	-2.72266125176042	16.0806457752167	-2.72266125176042	-2.72266125176042	15.6022098987014	-2.72266125176042	-2.72266125176042	17.2438720312321	13.1010097801141	-2.72266125176042
SRR341589	-2.81866593672326	15.5311115514052	-2.81866593672326	-2.81866593672326	-2.81866593672326	-2.81866593672326	15.3019659267268	15.6454956734151	-2.81866593672326	-2.81866593672326	14.6435783144174	-2.81866593672326	14.8599693776588	-2.81866593672326	-2.81866593672326	-2.81866593672326	15.9688984714079	-2.81866593672326	15.9516923332427	14.8176028750747	-2.81866593672326
SRR341599	-2.78107595673496	-2.78107595673496	-2.78107595673496	-2.78107595673496	-2.78107595673496	-2.78107595673496	15.0138433393885	14.9532067995292	13.7602199998491	-2.78107595673496	-2.78107595673496	-2.78107595673496	-2.78107595673496	15.95678498774	-2.78107595673496	-2.78107595673496	-2.78107595673496	16.6372616620228	16.0664399275875	15.928783247023	13.884215877156
SRR341600	-2.56420340157287	-2.56420340157287	12.4383883981577	-2.56420340157287	-2.56420340157287	-2.56420340157287	-2.56420340157287	-2.56420340157287	13.7098014677913	-2.56420340157287	-2.56420340157287	-2.56420340157287	14.2636310742156	-2.56420340157287	12.0503451619703	14.7713300227637	-2.56420340157287	-2.56420340157287	17.9694286101897	15.699820035252	-2.56420340157287
SRR341601	-2.78054235562193	-2.78054235562193	14.3964437132927	-2.78054235562193	-2.78054235562193	-2.78054235562193	14.764874454003	15.1879731212197	-2.78054235562193	-2.78054235562193	-2.78054235562193	-2.78054235562193	-2.78054235562193	14.5159036606673	15.8973354875017	-2.78054235562193	-2.78054235562193	15.8937801141301	17.0811694857559	14.443051852472	-2.78054235562193
SRR341602	-2.75663729755168	-2.75663729755168	-2.75663729755168	-2.75663729755168	-2.75663729755168	-2.75663729755168	-2.75663729755168	-2.75663729755168	14.8009000628434	-2.75663729755168	-2.75663729755168	-2.75663729755168	15.8351860930302	-2.75663729755168	14.7850822414755	16.5557955579271	-2.75663729755168	14.2285966975163	16.4231562589784	14.2803976148279	-2.75663729755168
SRR341603	17.1146779903454	-2.72833006244669	-2.72833006244669	-2.72833006244669	-2.72833006244669	13.8372168772124	15.1969849520127	-2.72833006244669	13.5396931635716	-2.72833006244669	14.2483891136032	-2.72833006244669	-2.72833006244669	14.4220707173669	-2.72833006244669	-2.72833006244669	15.3737749566962	-2.72833006244669	16.8692348832233	-2.72833006244669	-2.72833006244669
SRR341604	-2.80385597505047	-2.80385597505047	-2.80385597505047	16.6350473488652	13.5690214969396	-2.80385597505047	-2.80385597505047	-2.80385597505047	14.8631056113897	-2.80385597505047	-2.80385597505047	-2.80385597505047	13.722746885463	-2.80385597505047	16.0541696148636	15.1313435940153	-2.80385597505047	-2.80385597505047	15.3657201886014	15.6014512089901	-2.80385597505047
SRR341605	16.8092795641354	-2.74927585064201	13.7789739642654	-2.74927585064201	-2.74927585064201	-2.74927585064201	14.0223890559304	-2.74927585064201	14.6048754324418	-2.74927585064201	-2.74927585064201	-2.74927585064201	-2.74927585064201	14.8649501696199	-2.74927585064201	-2.74927585064201	-2.74927585064201	14.9782337324629	16.9952013192137	15.238954449204	-2.74927585064201
SRR341606	-2.75034558478388	-2.75034558478388	-2.75034558478388	-2.75034558478388	-2.75034558478388	15.5699544569653	14.59676179385	-2.75034558478388	13.2870063878784	-2.75034558478388	14.9760573596998	-2.75034558478388	-2.75034558478388	15.3934611486233	16.1109421669582	-2.75034558478388	-2.75034558478388	-2.75034558478388	17.2374937678061	14.5961237624957	-2.75034558478388
SRR341654	-2.78679524382504	-2.78679524382504	-2.78679524382504	-2.78679524382504	-2.78679524382504	-2.78679524382504	-2.78679524382504	13.7237276234405	-2.78679524382504	-2.78679524382504	-2.78679524382504	-2.78679524382504	14.4999050987015	-2.78679524382504	15.6753824763961	16.8907941519615	-2.78679524382504	15.4882144447821	15.5174831471398	14.4164086248874	16.0519574799645
SRR341655	-2.800913506917	-2.800913506917	-2.800913506917	-2.800913506917	14.4079403701498	15.5155050180289	-2.800913506917	-2.800913506917	-2.800913506917	-2.800913506917	-2.800913506917	-2.800913506917	-2.800913506917	-2.800913506917	16.2994795779366	16.3058898076936	-2.800913506917	-2.800913506917	15.9323272780688	-2.800913506917	-2.800913506917
SRR341656	-2.77887496900203	-2.77887496900203	-2.77887496900203	-2.77887496900203	-2.77887496900203	16.0385866237983	14.806721711546	14.9286742509848	14.41010888526	13.9327243624265	-2.77887496900203	-2.77887496900203	-2.77887496900203	-2.77887496900203	15.1121472705319	-2.77887496900203	-2.77887496900203	15.5477291450104	17.0250178933367	-2.77887496900203	-2.77887496900203
SRR341657	-2.74862583474233	-2.74862583474233	16.4444752752834	14.6218498828424	14.2354142157188	15.1243249713657	-2.74862583474233	-2.74862583474233	14.0558290607769	-2.74862583474233	-2.74862583474233	13.5636129717507	-2.74862583474233	-2.74862583474233	17.2662207976876	-2.74862583474233	-2.74862583474233	-2.74862583474233	15.6062291706301	-2.74862583474233	-2.74862583474233
SRR341675	-2.73791053430998	-2.73791053430998	-2.73791053430998	-2.73791053430998	-2.73791053430998	13.6241269562865	14.7349372355595	-2.73791053430998	-2.73791053430998	-2.73791053430998	13.7172072734643	-2.73791053430998	-2.73791053430998	15.4047995088022	-2.73791053430998	-2.73791053430998	-2.73791053430998	16.1173539001322	17.2903183395618	15.2959364696447	-2.73791053430998
SRR341676	-2.72778887806339	-2.72778887806339	-2.72778887806339	-2.72778887806339	-2.72778887806339	14.0070102324856	14.7180659169338	-2.72778887806339	-2.72778887806339	-2.72778887806339	-2.72778887806339	-2.72778887806339	-2.72778887806339	16.1944910627801	13.8610726740376	14.6334666648088	-2.72778887806339	14.2057689708176	16.889559052054	15.2855490109171	-2.72778887806339
SRR341677	-2.735985409692	-2.735985409692	-2.735985409692	-2.735985409692	-2.735985409692	-2.735985409692	-2.735985409692	12.349819539379	14.6672740444962	-2.735985409692	-2.735985409692	-2.735985409692	15.1617330415115	-2.735985409692	-2.735985409692	15.329552088102	-2.735985409692	-2.735985409692	17.4512293006456	15.4855307385049	-2.735985409692
SRR341678	-2.79771641251179	-2.79771641251179	-2.79771641251179	15.2661208161516	-2.79771641251179	15.3568898054575	16.0980239140363	-2.79771641251179	15.7303019004398	13.7579243045801	-2.79771641251179	-2.79771641251179	-2.79771641251179	15.3838921021395	16.7456446506965	-2.79771641251179	-2.79771641251179	-2.79771641251179	14.8546538743968	-2.79771641251179	-2.79771641251179
SRR413673	14.9918256756137	-2.80619619254774	-2.80619619254774	-2.80619619254774	-2.80619619254774	-2.80619619254774	15.5427135494844	-2.80619619254774	14.8358557540841	-2.80619619254774	15.1557057039207	-2.80619619254774	-2.80619619254774	-2.80619619254774	-2.80619619254774	13.6786931051657	16.4882434987336	15.6961567092644	16.4821731056388	14.6322463329337	-2.80619619254774
SRR413674	17.0481767141087	-2.74413643031988	14.6661626858252	-2.74413643031988	-2.74413643031988	-2.74413643031988	-2.74413643031988	-2.74413643031988	15.5287980930704	-2.74413643031988	-2.74413643031988	-2.74413643031988	13.584001402588	-2.74413643031988	-2.74413643031988	-2.74413643031988	-2.74413643031988	14.5737131680896	16.8109515857469	14.2902259922255	14.2581192870643
SRR413675	15.4275917396599	-2.7821654956895	-2.7821654956895	-2.7821654956895	-2.7821654956895	-2.7821654956895	15.6527336953592	14.9661995968705	-2.7821654956895	-2.7821654956895	15.2365455391238	-2.7821654956895	14.7417354589922	13.9888385566221	14.1033728368264	-2.7821654956895	-2.7821654956895	-2.7821654956895	17.2234862746784	14.9856055906529	-2.7821654956895
SRR413676	-2.81371828529698	-2.81371828529698	-2.81371828529698	-2.81371828529698	-2.81371828529698	14.577074633456	14.9923436273992	-2.81371828529698	15.0121898668897	-2.81371828529698	-2.81371828529698	-2.81371828529698	15.0671627954741	15.1130808213389	-2.81371828529698	-2.81371828529698	-2.81371828529698	14.8822069776666	15.9416044571264	16.0004764423906	16.2860563578104
SRR413679	14.3058729166172	-2.82700044917823	-2.82700044917823	-2.82700044917823	-2.82700044917823	-2.82700044917823	14.485877936481	15.5324015321793	-2.82700044917823	-2.82700044917823	-2.82700044917823	-2.82700044917823	-2.82700044917823	15.7482708863974	-2.82700044917823	-2.82700044917823	15.3751635358292	15.7895595377213	16.2088605338498	15.2224716898389	15.8545434408192
SRR413683	-2.75091292304853	-2.75091292304853	-2.75091292304853	-2.75091292304853	-2.75091292304853	-2.75091292304853	-2.75091292304853	14.2689566387672	14.2747313990783	-2.75091292304853	-2.75091292304853	-2.75091292304853	14.0745927587127	16.6530814889492	-2.75091292304853	-2.75091292304853	-2.75091292304853	14.8321311637679	17.1521561477694	14.0748046915055	14.9625602750587
SRR413688	13.7815212587472	-2.70347890524008	16.9248538693766	14.5436742074392	13.3774236794988	-2.70347890524008	-2.70347890524008	-2.70347890524008	-2.70347890524008	-2.70347890524008	-2.70347890524008	-2.70347890524008	-2.70347890524008	-2.70347890524008	15.807252767414	-2.70347890524008	17.2068805163441	-2.70347890524008	14.4837453303249	13.5602571153647	-2.70347890524008
SRR413689	14.1232172899001	-2.74080303154238	13.3452962517242	14.6620552645496	-2.74080303154238	-2.74080303154238	15.9311732594015	-2.74080303154238	13.3049478150449	-2.74080303154238	14.4327990923506	-2.74080303154238	-2.74080303154238	16.5185657616601	17.1667546954603	-2.74080303154238	-2.74080303154238	-2.74080303154238	14.8145391154851	-2.74080303154238	-2.74080303154238
SRR413691	16.2415232403939	-2.78547147852805	14.6682356054828	-2.78547147852805	-2.78547147852805	14.0828792572212	15.4038369631126	-2.78547147852805	-2.78547147852805	-2.78547147852805	16.1740740966556	-2.78547147852805	13.7037118225339	14.7308323068751	14.8512683127194	-2.78547147852805	-2.78547147852805	-2.78547147852805	16.6317408428799	-2.78547147852805	-2.78547147852805
SRR413692	-2.72580553494653	15.6389448748848	-2.72580553494653	-2.72580553494653	-2.72580553494653	13.2796141296505	-2.72580553494653	-2.72580553494653	13.6876129979887	-2.72580553494653	-2.72580553494653	-2.72580553494653	14.0263718242747	-2.72580553494653	-2.72580553494653	-2.72580553494653	-2.72580553494653	-2.72580553494653	17.4256755230716	15.9456339351351	-2.72580553494653
SRR413695	-2.73468359945126	-2.73468359945126	-2.73468359945126	-2.73468359945126	-2.73468359945126	-2.73468359945126	-2.73468359945126	-2.73468359945126	14.8211882129961	-2.73468359945126	14.107549097228	-2.73468359945126	13.3613505769352	-2.73468359945126	-2.73468359945126	-2.73468359945126	16.60107915016	15.2424220018078	17.200939747234	15.0158631377952	-2.73468359945126
SRR413698	-2.80102258839324	-2.80102258839324	-2.80102258839324	-2.80102258839324	-2.80102258839324	16.3489540325726	14.901929326752	-2.80102258839324	15.048271883972	-2.80102258839324	15.6000848521662	-2.80102258839324	14.8710574810746	14.4704607743009	-2.80102258839324	14.8757186288003	-2.80102258839324	-2.80102258839324	16.6121800363369	-2.80102258839324	-2.80102258839324
SRR413699	-2.73642331466486	-2.73642331466486	-2.73642331466486	-2.73642331466486	-2.73642331466486	15.520308077223	14.4322492108966	13.8655912596847	13.8152713484626	15.9062323059675	15.3886896932228	-2.73642331466486	-2.73642331466486	13.9637427500735	13.8198111959725	-2.73642331466486	-2.73642331466486	-2.73642331466486	17.3728465770748	-2.73642331466486	-2.73642331466486
SRR413701	-2.807488735632	-2.807488735632	-2.807488735632	14.0319868251067	-2.807488735632	15.9428554102039	14.2668642743984	15.9173107628605	-2.807488735632	-2.807488735632	-2.807488735632	-2.807488735632	-2.807488735632	14.9144170414364	15.2690708068107	-2.807488735632	-2.807488735632	16.2141581138174	16.2925495523662	14.7177352589676	-2.807488735632
SRR413706	-2.75646713424963	14.0438159075833	-2.75646713424963	13.8301060445538	-2.75646713424963	14.6448597489335	13.8223328537546	-2.75646713424963	-2.75646713424963	-2.75646713424963	-2.75646713424963	-2.75646713424963	-2.75646713424963	13.8896652361812	16.4498943962237	16.7910472402679	-2.75646713424963	-2.75646713424963	16.4302254945219	15.1649426562116	-2.75646713424963
SRR413707	-2.77802042120079	-2.77802042120079	-2.77802042120079	-2.77802042120079	14.5214250840133	14.4581731346948	15.8343297269618	-2.77802042120079	13.4317790052053	-2.77802042120079	16.2114567026515	-2.77802042120079	-2.77802042120079	-2.77802042120079	14.8207680142491	-2.77802042120079	-2.77802042120079	-2.77802042120079	17.0486543671436	-2.77802042120079	-2.77802042120079
SRR413708	-2.75685302542939	-2.75685302542939	-2.75685302542939	-2.75685302542939	-2.75685302542939	14.357412396299	14.5211256331301	-2.75685302542939	-2.75685302542939	-2.75685302542939	13.6918405708069	-2.75685302542939	-2.75685302542939	16.0044627145406	15.6199385354019	14.5403898391733	-2.75685302542939	-2.75685302542939	17.2694925237321	14.8811059004444	-2.75685302542939
SRR413710	-2.72386196384387	-2.72386196384387	14.3105364589161	-2.72386196384387	-2.72386196384387	-2.72386196384387	-2.72386196384387	14.0921644580406	14.1976558326199	-2.72386196384387	-2.72386196384387	-2.72386196384387	-2.72386196384387	14.2114243104687	-2.72386196384387	-2.72386196384387	-2.72386196384387	16.2712105830658	17.0546339335898	14.5620735175101	-2.72386196384387
SRR413712	-2.72323913525267	-2.72323913525267	-2.72323913525267	-2.72323913525267	-2.72323913525267	-2.72323913525267	15.1639493773584	13.2767935533734	13.106053949068	-2.72323913525267	14.850488045702	-2.72323913525267	-2.72323913525267	14.1733140899029	-2.72323913525267	17.2039471684341	-2.72323913525267	14.6977557080119	16.8180697631862	14.1483459723439	-2.72323913525267
SRR413716	14.6828564158362	14.2296519630418	-2.67397864585595	-2.67397864585595	-2.67397864585595	-2.67397864585595	14.0774558462218	13.5543606687627	-2.67397864585595	-2.67397864585595	13.7524984350206	-2.67397864585595	-2.67397864585595	-2.67397864585595	-2.67397864585595	-2.67397864585595	17.8022850243448	14.8407378886827	14.821241980602	-2.67397864585595	-2.67397864585595
SRR413717	16.3217548320321	-2.77373599586911	14.9517094088367	-2.77373599586911	-2.77373599586911	-2.77373599586911	-2.77373599586911	-2.77373599586911	14.808455005416	-2.77373599586911	-2.77373599586911	13.7608438956159	-2.77373599586911	-2.77373599586911	-2.77373599586911	-2.77373599586911	16.3824327739254	-2.77373599586911	16.5927787519813	14.1100461244909	-2.77373599586911
SRR413718	14.3476985375513	-2.78924446970739	-2.78924446970739	-2.78924446970739	-2.78924446970739	15.5519968953653	-2.78924446970739	15.898091327789	15.3584260551642	-2.78924446970739	14.5018254883717	14.3016735016622	15.2646576164048	-2.78924446970739	-2.78924446970739	-2.78924446970739	-2.78924446970739	-2.78924446970739	16.5842749236112	-2.78924446970739	-2.78924446970739
SRR413720	-2.73869763914323	-2.73869763914323	-2.73869763914323	13.9103262766921	-2.73869763914323	14.9104959544277	14.476819625244	15.3828423112554	-2.73869763914323	-2.73869763914323	-2.73869763914323	-2.73869763914323	-2.73869763914323	-2.73869763914323	-2.73869763914323	13.9675735455424	-2.73869763914323	15.5734152399905	17.3803417387739	14.2741872749788	-2.73869763914323
SRR413723	-2.75579156802733	-2.75579156802733	-2.75579156802733	-2.75579156802733	-2.75579156802733	13.8859847849806	-2.75579156802733	-2.75579156802733	14.276813268794	-2.75579156802733	15.536791007996	-2.75579156802733	-2.75579156802733	16.4938208383716	-2.75579156802733	-2.75579156802733	-2.75579156802733	14.3489601147478	17.1206606269459	14.6894188979219	-2.75579156802733
SRR413726	15.9643942866372	-2.76201226553165	-2.76201226553165	-2.76201226553165	-2.76201226553165	14.2466131752497	14.3613296398808	-2.76201226553165	-2.76201226553165	-2.76201226553165	-2.76201226553165	-2.76201226553165	-2.76201226553165	14.2027496606917	-2.76201226553165	-2.76201226553165	16.9312928988126	-2.76201226553165	16.6650741033924	15.2538381837758	-2.76201226553165
SRR413735	-2.77925421271835	-2.77925421271835	-2.77925421271835	-2.77925421271835	-2.77925421271835	15.6032042898419	15.490774568751	-2.77925421271835	14.08388352968	-2.77925421271835	14.1438475191449	-2.77925421271835	14.2867122679664	16.4561008451164	-2.77925421271835	-2.77925421271835	-2.77925421271835	14.0293652307245	16.9213070471392	15.1682611248347	-2.77925421271835
SRR413736	-2.72943882518785	-2.72943882518785	-2.72943882518785	-2.72943882518785	-2.72943882518785	14.5720544350466	14.8656188112373	-2.72943882518785	-2.72943882518785	-2.72943882518785	-2.72943882518785	-2.72943882518785	-2.72943882518785	16.2471135690133	14.1052324543477	14.8352087060387	-2.72943882518785	15.3206085940323	17.3995509379159	13.088497366815	-2.72943882518785
SRR413739	-2.77974556227482	-2.77974556227482	-2.77974556227482	-2.77974556227482	-2.77974556227482	14.2382634810596	15.6522311513071	14.2185037098119	-2.77974556227482	-2.77974556227482	-2.77974556227482	-2.77974556227482	14.5023536910082	15.4301166270881	-2.77974556227482	-2.77974556227482	-2.77974556227482	15.7569833889445	17.1036603531083	-2.77974556227482	14.8537300589364
SRR413741	-2.72648114871687	-2.72648114871687	14.5663418261354	-2.72648114871687	-2.72648114871687	-2.72648114871687	14.8961984595831	13.3737866258406	-2.72648114871687	-2.72648114871687	13.4514671555786	-2.72648114871687	-2.72648114871687	13.8070102050344	17.2877946720798	-2.72648114871687	-2.72648114871687	14.3149404687162	16.6277092312306	15.2723276429279	-2.72648114871687
SRR413743	14.9603759492532	-2.79282538038098	-2.79282538038098	-2.79282538038098	-2.79282538038098	15.8344954873996	14.549898309215	-2.79282538038098	-2.79282538038098	-2.79282538038098	-2.79282538038098	-2.79282538038098	-2.79282538038098	16.7182741805717	13.9180445322697	-2.79282538038098	-2.79282538038098	14.5355402360999	16.2686244563049	-2.79282538038098	-2.79282538038098
SRR413746	15.1841964139518	-2.7802037238683	14.7344014602272	-2.7802037238683	-2.7802037238683	14.6355463403638	-2.7802037238683	14.234077946845	-2.7802037238683	-2.7802037238683	-2.7802037238683	-2.7802037238683	14.5673716757628	-2.7802037238683	-2.7802037238683	15.2466875012393	-2.7802037238683	16.3349583153171	17.069052313357	-2.7802037238683	-2.7802037238683
SRR413748	-2.77713365397976	-2.77713365397976	-2.77713365397976	-2.77713365397976	-2.77713365397976	-2.77713365397976	15.6805730984456	14.0879532633896	-2.77713365397976	-2.77713365397976	-2.77713365397976	-2.77713365397976	13.8911449207233	15.1060129651611	15.2669711570432	-2.77713365397976	-2.77713365397976	17.0268770641359	16.0092868312112	14.095872021922	-2.77713365397976
SRR413750	-2.79951108944383	-2.79951108944383	-2.79951108944383	-2.79951108944383	-2.79951108944383	14.1042425983352	14.4807974628715	14.6821321912137	-2.79951108944383	-2.79951108944383	-2.79951108944383	-2.79951108944383	-2.79951108944383	16.1056122939605	-2.79951108944383	15.382233313493	-2.79951108944383	15.1063544328701	16.7178834788999	14.531194983978	16.0655926271257
SRR413752	-2.81932158083284	-2.81932158083284	-2.81932158083284	-2.81932158083284	-2.81932158083284	15.1988347419501	15.0764836502829	14.7909498337181	-2.81932158083284	-2.81932158083284	15.4612473210366	-2.81932158083284	14.6410852213866	16.6425330022708	-2.81932158083284	-2.81932158083284	-2.81932158083284	15.2743609201586	16.476169354513	14.5850934154925	-2.81932158083284
SRR413757	-2.75444908852516	-2.75444908852516	15.2228325815511	14.3188926260962	-2.75444908852516	-2.75444908852516	14.0661399805276	-2.75444908852516	14.9700097728118	-2.75444908852516	-2.75444908852516	-2.75444908852516	-2.75444908852516	-2.75444908852516	-2.75444908852516	14.437645102901	-2.75444908852516	-2.75444908852516	17.1114927966678	16.5414420302417	-2.75444908852516
SRR413758	-2.77345238457264	-2.77345238457264	-2.77345238457264	-2.77345238457264	-2.77345238457264	-2.77345238457264	14.6140695138054	13.9429467133384	-2.77345238457264	-2.77345238457264	-2.77345238457264	-2.77345238457264	-2.77345238457264	15.3743810523234	-2.77345238457264	14.3714731177721	-2.77345238457264	14.8621435276422	17.2794839590492	14.3408832000234	15.9163161318637
SRR413765	-2.78228366000358	-2.78228366000358	-2.78228366000358	-2.78228366000358	-2.78228366000358	-2.78228366000358	15.8834508517966	-2.78228366000358	15.1545006105074	-2.78228366000358	-2.78228366000358	-2.78228366000358	14.0825473780757	-2.78228366000358	14.7031044795887	13.1844192877445	-2.78228366000358	-2.78228366000358	16.5680501449267	16.1983785250249	-2.78228366000358
SRR413766	-2.76996279039986	-2.76996279039986	-2.76996279039986	-2.76996279039986	-2.76996279039986	15.8249065355177	-2.76996279039986	14.6030478261319	15.0706637340902	-2.76996279039986	-2.76996279039986	-2.76996279039986	-2.76996279039986	13.6387930689578	15.0365187462784	-2.76996279039986	-2.76996279039986	14.9865857574891	17.328662754603	14.8323045807292	-2.76996279039986
SRR413769	-2.71174336054952	-2.71174336054952	-2.71174336054952	-2.71174336054952	-2.71174336054952	-2.71174336054952	14.1691375142876	16.2898337031942	-2.71174336054952	-2.71174336054952	15.027983580541	-2.71174336054952	-2.71174336054952	14.5548652692412	13.2167403431814	-2.71174336054952	17.4238104105122	13.8013899545301	15.7499545684722	12.6417093229665	-2.71174336054952
SRR413771	-2.79973054916123	-2.79973054916123	-2.79973054916123	-2.79973054916123	-2.79973054916123	-2.79973054916123	14.3123092646798	-2.79973054916123	15.0164657120398	-2.79973054916123	14.1778738619093	-2.79973054916123	-2.79973054916123	14.9662041801089	-2.79973054916123	16.2693667154829	-2.79973054916123	15.8216681700447	16.5577531100102	16.1080997452656	-2.79973054916123
SRR413772	14.6171863981031	-2.79748132031452	-2.79748132031452	-2.79748132031452	-2.79748132031452	14.5789730707083	-2.79748132031452	14.9039156589623	14.7141251156291	-2.79748132031452	-2.79748132031452	-2.79748132031452	-2.79748132031452	15.3434974387536	-2.79748132031452	-2.79748132031452	-2.79748132031452	16.2563152491763	16.5430518092863	14.9382188255816	-2.79748132031452
